USE [master]
GO
/****** Object:  Database [hrms]    Script Date: 6/27/2021 12:20:05 AM ******/
CREATE DATABASE [hrms]

ALTER DATABASE [hrms] SET COMPATIBILITY_LEVEL = 150
GO
IF (1 = FULLTEXTSERVICEPROPERTY('IsFullTextInstalled'))
begin
EXEC [hrms].[dbo].[sp_fulltext_database] @action = 'enable'
end
GO
ALTER DATABASE [hrms] SET ANSI_NULL_DEFAULT OFF 
GO
ALTER DATABASE [hrms] SET ANSI_NULLS OFF 
GO
ALTER DATABASE [hrms] SET ANSI_PADDING OFF 
GO
ALTER DATABASE [hrms] SET ANSI_WARNINGS OFF 
GO
ALTER DATABASE [hrms] SET ARITHABORT OFF 
GO
ALTER DATABASE [hrms] SET AUTO_CLOSE ON 
GO
ALTER DATABASE [hrms] SET AUTO_SHRINK OFF 
GO
ALTER DATABASE [hrms] SET AUTO_UPDATE_STATISTICS ON 
GO
ALTER DATABASE [hrms] SET CURSOR_CLOSE_ON_COMMIT OFF 
GO
ALTER DATABASE [hrms] SET CURSOR_DEFAULT  GLOBAL 
GO
ALTER DATABASE [hrms] SET CONCAT_NULL_YIELDS_NULL OFF 
GO
ALTER DATABASE [hrms] SET NUMERIC_ROUNDABORT OFF 
GO
ALTER DATABASE [hrms] SET QUOTED_IDENTIFIER OFF 
GO
ALTER DATABASE [hrms] SET RECURSIVE_TRIGGERS OFF 
GO
ALTER DATABASE [hrms] SET  ENABLE_BROKER 
GO
ALTER DATABASE [hrms] SET AUTO_UPDATE_STATISTICS_ASYNC OFF 
GO
ALTER DATABASE [hrms] SET DATE_CORRELATION_OPTIMIZATION OFF 
GO
ALTER DATABASE [hrms] SET TRUSTWORTHY OFF 
GO
ALTER DATABASE [hrms] SET ALLOW_SNAPSHOT_ISOLATION OFF 
GO
ALTER DATABASE [hrms] SET PARAMETERIZATION SIMPLE 
GO
ALTER DATABASE [hrms] SET READ_COMMITTED_SNAPSHOT OFF 
GO
ALTER DATABASE [hrms] SET HONOR_BROKER_PRIORITY OFF 
GO
ALTER DATABASE [hrms] SET RECOVERY SIMPLE 
GO
ALTER DATABASE [hrms] SET  MULTI_USER 
GO
ALTER DATABASE [hrms] SET PAGE_VERIFY CHECKSUM  
GO
ALTER DATABASE [hrms] SET DB_CHAINING OFF 
GO
ALTER DATABASE [hrms] SET FILESTREAM( NON_TRANSACTED_ACCESS = OFF ) 
GO
ALTER DATABASE [hrms] SET TARGET_RECOVERY_TIME = 60 SECONDS 
GO
ALTER DATABASE [hrms] SET DELAYED_DURABILITY = DISABLED 
GO
ALTER DATABASE [hrms] SET ACCELERATED_DATABASE_RECOVERY = OFF  
GO
EXEC sys.sp_db_vardecimal_storage_format N'hrms', N'ON'
GO
ALTER DATABASE [hrms] SET QUERY_STORE = OFF
GO
USE [hrms]
GO
/****** Object:  Table [dbo].[DELETE]    Script Date: 6/27/2021 12:20:05 AM ******/
SET ANSI_NULLS ON
GO
SET QUOTED_IDENTIFIER ON
GO
CREATE TABLE [dbo].[DELETE](
	[ID_DELETE] [int] IDENTITY(1,1) NOT NULL,
	[EMPLOYEE_ID] [int] NULL,
	[ISDELETED] [bit] NULL,
	[MONTH] [date] NULL,
	[NOTE] [varchar](50) NULL,
 CONSTRAINT [PK_DELETE] PRIMARY KEY CLUSTERED 
(
	[ID_DELETE] ASC
)WITH (PAD_INDEX = OFF, STATISTICS_NORECOMPUTE = OFF, IGNORE_DUP_KEY = OFF, ALLOW_ROW_LOCKS = ON, ALLOW_PAGE_LOCKS = ON, OPTIMIZE_FOR_SEQUENTIAL_KEY = OFF) ON [PRIMARY]
) ON [PRIMARY]
GO
/****** Object:  Table [dbo].[DEPARTMENT]    Script Date: 6/27/2021 12:20:05 AM ******/
SET ANSI_NULLS ON
GO
SET QUOTED_IDENTIFIER ON
GO
CREATE TABLE [dbo].[DEPARTMENT](
	[DEPT_ID] [int] IDENTITY(1,1) NOT NULL,
	[DEPT_NAME] [varchar](200) NULL,
	[ROOM_ID] [int] NULL,
PRIMARY KEY CLUSTERED 
(
	[DEPT_ID] ASC
)WITH (PAD_INDEX = OFF, STATISTICS_NORECOMPUTE = OFF, IGNORE_DUP_KEY = OFF, ALLOW_ROW_LOCKS = ON, ALLOW_PAGE_LOCKS = ON, OPTIMIZE_FOR_SEQUENTIAL_KEY = OFF) ON [PRIMARY]
) ON [PRIMARY]
GO
/****** Object:  Table [dbo].[EMPLOYEE]    Script Date: 6/27/2021 12:20:05 AM ******/
SET ANSI_NULLS ON
GO
SET QUOTED_IDENTIFIER ON
GO
CREATE TABLE [dbo].[EMPLOYEE](
	[EMPLOYEE_ID] [int] IDENTITY(1,1) NOT NULL,
	[ID_CARD] [int] NULL,
	[NAME] [varchar](100) NULL,
	[AGE] [int] NULL,
	[GENDER] [varchar](20) NULL,
	[ACADEMIC_LEVEL] [varchar](100) NULL,
	[BIRTH_DATE] [date] NULL,
	[BIRTH_PLACE] [varchar](200) NULL,
	[EMAIL] [varchar](40) NULL,
	[PHONE] [varchar](20) NULL,
	[CITIZENSHIP] [varchar](200) NULL,
	[DEPT_ID] [int] NULL,
	[ROLE_ID] [int] NULL,
	[IMAGE] [varbinary](max) NULL,
PRIMARY KEY CLUSTERED 
(
	[EMPLOYEE_ID] ASC
)WITH (PAD_INDEX = OFF, STATISTICS_NORECOMPUTE = OFF, IGNORE_DUP_KEY = OFF, ALLOW_ROW_LOCKS = ON, ALLOW_PAGE_LOCKS = ON, OPTIMIZE_FOR_SEQUENTIAL_KEY = OFF) ON [PRIMARY]
) ON [PRIMARY] TEXTIMAGE_ON [PRIMARY]
GO
/****** Object:  Table [dbo].[RECORD]    Script Date: 6/27/2021 12:20:05 AM ******/
SET ANSI_NULLS ON
GO
SET QUOTED_IDENTIFIER ON
GO
CREATE TABLE [dbo].[RECORD](
	[ID] [int] IDENTITY(1,1) NOT NULL,
	[EMPLOYEE_ID] [int] NULL,
	[DEPT_ID] [int] NULL,
	[EMPLOYEE_CHANGE_ID] [int] NULL,
	[EMPLOYEE_CHANGE_NAME] [varchar](100) NULL,
	[CHANGE] [varchar](1000) NULL,
	[DATE_CHANGE] [smalldatetime] NULL,
	[MONTH_CHANGE] [date] NULL,
 CONSTRAINT [PK_RECORD] PRIMARY KEY CLUSTERED 
(
	[ID] ASC
)WITH (PAD_INDEX = OFF, STATISTICS_NORECOMPUTE = OFF, IGNORE_DUP_KEY = OFF, ALLOW_ROW_LOCKS = ON, ALLOW_PAGE_LOCKS = ON, OPTIMIZE_FOR_SEQUENTIAL_KEY = OFF) ON [PRIMARY]
) ON [PRIMARY]
GO
/****** Object:  Table [dbo].[ROLE]    Script Date: 6/27/2021 12:20:05 AM ******/
SET ANSI_NULLS ON
GO
SET QUOTED_IDENTIFIER ON
GO
CREATE TABLE [dbo].[ROLE](
	[ROLE_ID] [int] IDENTITY(1,1) NOT NULL,
	[PERMISSION] [int] NULL,
	[ROLE_NAME] [varchar](30) NULL,
	[ROLE_DESC] [text] NULL,
	[DEPT_ID] [int] NULL,
PRIMARY KEY CLUSTERED 
(
	[ROLE_ID] ASC
)WITH (PAD_INDEX = OFF, STATISTICS_NORECOMPUTE = OFF, IGNORE_DUP_KEY = OFF, ALLOW_ROW_LOCKS = ON, ALLOW_PAGE_LOCKS = ON, OPTIMIZE_FOR_SEQUENTIAL_KEY = OFF) ON [PRIMARY]
) ON [PRIMARY] TEXTIMAGE_ON [PRIMARY]
GO
/****** Object:  Table [dbo].[ROOM]    Script Date: 6/27/2021 12:20:05 AM ******/
SET ANSI_NULLS ON
GO
SET QUOTED_IDENTIFIER ON
GO
CREATE TABLE [dbo].[ROOM](
	[ROOM_ID] [int] IDENTITY(1,1) NOT NULL,
	[ROOM_NUMBER] [varchar](20) NULL,
PRIMARY KEY CLUSTERED 
(
	[ROOM_ID] ASC
)WITH (PAD_INDEX = OFF, STATISTICS_NORECOMPUTE = OFF, IGNORE_DUP_KEY = OFF, ALLOW_ROW_LOCKS = ON, ALLOW_PAGE_LOCKS = ON, OPTIMIZE_FOR_SEQUENTIAL_KEY = OFF) ON [PRIMARY]
) ON [PRIMARY]
GO
/****** Object:  Table [dbo].[SALARY]    Script Date: 6/27/2021 12:20:05 AM ******/
SET ANSI_NULLS ON
GO
SET QUOTED_IDENTIFIER ON
GO
CREATE TABLE [dbo].[SALARY](
	[SALARY_ID] [int] IDENTITY(1,1) NOT NULL,
	[EMPLOYEE_ID] [int] NULL,
	[OVERTIME_SALARY] [bigint] NULL,
	[COEFFICIENT] [float] NULL,
	[BONUS] [bigint] NULL,
	[BASIC_WAGE] [bigint] NULL,
	[WELFARE] [bigint] NULL,
	[TAX] [bigint] NULL,
	[SOCIAL_INSURANCE] [bigint] NULL,
	[HEALTH_INSURANCE] [bigint] NULL,
	[DATE_START] [date] NULL,
	[DATE_END] [date] NULL,
	[TOTAL_SALARY] [bigint] NULL,
	[NOTE] [varchar](1000) NULL,
	[MONTH] [date] NULL,
 CONSTRAINT [PK__SALARY__6C935C0614A6D4C5] PRIMARY KEY CLUSTERED 
(
	[SALARY_ID] ASC
)WITH (PAD_INDEX = OFF, STATISTICS_NORECOMPUTE = OFF, IGNORE_DUP_KEY = OFF, ALLOW_ROW_LOCKS = ON, ALLOW_PAGE_LOCKS = ON, OPTIMIZE_FOR_SEQUENTIAL_KEY = OFF) ON [PRIMARY]
) ON [PRIMARY]
GO
/****** Object:  Table [dbo].[TIMEKEEPING]    Script Date: 6/27/2021 12:20:05 AM ******/
SET ANSI_NULLS ON
GO
SET QUOTED_IDENTIFIER ON
GO
CREATE TABLE [dbo].[TIMEKEEPING](
	[TIMEKEEPING_ID] [int] IDENTITY(1,1) NOT NULL,
	[EMPLOYEE_ID] [int] NULL,
	[NUMBER_OF_WORK_DAY] [real] NULL,
	[NUMBER_OF_ABSENT_DAY] [real] NULL,
	[NUMBER_OF_OVERTIME_DAY] [real] NULL,
	[NUMBER_OF_STANDARD_DAY] [real] NULL,
	[DATE_START] [date] NULL,
	[DATE_END] [date] NULL,
	[MONTH] [date] NULL,
PRIMARY KEY CLUSTERED 
(
	[TIMEKEEPING_ID] ASC
)WITH (PAD_INDEX = OFF, STATISTICS_NORECOMPUTE = OFF, IGNORE_DUP_KEY = OFF, ALLOW_ROW_LOCKS = ON, ALLOW_PAGE_LOCKS = ON, OPTIMIZE_FOR_SEQUENTIAL_KEY = OFF) ON [PRIMARY]
) ON [PRIMARY]
GO
/****** Object:  Table [dbo].[TIMEKEEPING_DETAIL]    Script Date: 6/27/2021 12:20:05 AM ******/
SET ANSI_NULLS ON
GO
SET QUOTED_IDENTIFIER ON
GO
CREATE TABLE [dbo].[TIMEKEEPING_DETAIL](
	[TIMEKEEPING_DETAIL_ID] [int] IDENTITY(1,1) NOT NULL,
	[TIMEKEEPING_ID] [int] NULL,
	[CHECK_DATE] [date] NULL,
	[SESSION] [int] NULL,
	[EMPLOYEE_ID] [int] NULL,
	[TIMEKEEPING_DETAIL_TYPE] [int] NULL,
PRIMARY KEY CLUSTERED 
(
	[TIMEKEEPING_DETAIL_ID] ASC
)WITH (PAD_INDEX = OFF, STATISTICS_NORECOMPUTE = OFF, IGNORE_DUP_KEY = OFF, ALLOW_ROW_LOCKS = ON, ALLOW_PAGE_LOCKS = ON, OPTIMIZE_FOR_SEQUENTIAL_KEY = OFF) ON [PRIMARY]
) ON [PRIMARY]
GO
/****** Object:  Table [dbo].[USER]    Script Date: 6/27/2021 12:20:05 AM ******/
SET ANSI_NULLS ON
GO
SET QUOTED_IDENTIFIER ON
GO
CREATE TABLE [dbo].[USER](
	[ID_USER] [int] IDENTITY(1,1) NOT NULL,
	[EMPLOYEE_ID] [int] NULL,
	[USERNAME] [varchar](50) NULL,
	[PASSWORD] [varchar](50) NULL,
 CONSTRAINT [PK_USER] PRIMARY KEY CLUSTERED 
(
	[ID_USER] ASC
)WITH (PAD_INDEX = OFF, STATISTICS_NORECOMPUTE = OFF, IGNORE_DUP_KEY = OFF, ALLOW_ROW_LOCKS = ON, ALLOW_PAGE_LOCKS = ON, OPTIMIZE_FOR_SEQUENTIAL_KEY = OFF) ON [PRIMARY]
) ON [PRIMARY]
GO
SET IDENTITY_INSERT [dbo].[DELETE] ON 

INSERT [dbo].[DELETE] ([ID_DELETE], [EMPLOYEE_ID], [ISDELETED], [MONTH], [NOTE]) VALUES (1, 1, 0, NULL, NULL)
INSERT [dbo].[DELETE] ([ID_DELETE], [EMPLOYEE_ID], [ISDELETED], [MONTH], [NOTE]) VALUES (2, 2, 0, NULL, NULL)
INSERT [dbo].[DELETE] ([ID_DELETE], [EMPLOYEE_ID], [ISDELETED], [MONTH], [NOTE]) VALUES (3, 3, 0, NULL, NULL)
INSERT [dbo].[DELETE] ([ID_DELETE], [EMPLOYEE_ID], [ISDELETED], [MONTH], [NOTE]) VALUES (4, 4, 0, NULL, NULL)
INSERT [dbo].[DELETE] ([ID_DELETE], [EMPLOYEE_ID], [ISDELETED], [MONTH], [NOTE]) VALUES (6, 6, 1, CAST(N'2021-06-26' AS Date), N'NIO')
INSERT [dbo].[DELETE] ([ID_DELETE], [EMPLOYEE_ID], [ISDELETED], [MONTH], [NOTE]) VALUES (7, 7, 1, CAST(N'2021-06-26' AS Date), N'for fun')
INSERT [dbo].[DELETE] ([ID_DELETE], [EMPLOYEE_ID], [ISDELETED], [MONTH], [NOTE]) VALUES (8, 8, 0, NULL, NULL)
INSERT [dbo].[DELETE] ([ID_DELETE], [EMPLOYEE_ID], [ISDELETED], [MONTH], [NOTE]) VALUES (9, 9, 0, NULL, NULL)
INSERT [dbo].[DELETE] ([ID_DELETE], [EMPLOYEE_ID], [ISDELETED], [MONTH], [NOTE]) VALUES (10, 10, 0, NULL, NULL)
INSERT [dbo].[DELETE] ([ID_DELETE], [EMPLOYEE_ID], [ISDELETED], [MONTH], [NOTE]) VALUES (11, 11, 0, NULL, NULL)
INSERT [dbo].[DELETE] ([ID_DELETE], [EMPLOYEE_ID], [ISDELETED], [MONTH], [NOTE]) VALUES (12, 12, 0, NULL, NULL)
INSERT [dbo].[DELETE] ([ID_DELETE], [EMPLOYEE_ID], [ISDELETED], [MONTH], [NOTE]) VALUES (13, 13, 0, NULL, NULL)
INSERT [dbo].[DELETE] ([ID_DELETE], [EMPLOYEE_ID], [ISDELETED], [MONTH], [NOTE]) VALUES (14, 14, 0, NULL, NULL)
INSERT [dbo].[DELETE] ([ID_DELETE], [EMPLOYEE_ID], [ISDELETED], [MONTH], [NOTE]) VALUES (15, 15, 0, NULL, NULL)
INSERT [dbo].[DELETE] ([ID_DELETE], [EMPLOYEE_ID], [ISDELETED], [MONTH], [NOTE]) VALUES (16, 16, 0, NULL, NULL)
INSERT [dbo].[DELETE] ([ID_DELETE], [EMPLOYEE_ID], [ISDELETED], [MONTH], [NOTE]) VALUES (17, 18, 0, NULL, NULL)
INSERT [dbo].[DELETE] ([ID_DELETE], [EMPLOYEE_ID], [ISDELETED], [MONTH], [NOTE]) VALUES (18, 19, 0, NULL, NULL)
INSERT [dbo].[DELETE] ([ID_DELETE], [EMPLOYEE_ID], [ISDELETED], [MONTH], [NOTE]) VALUES (19, 20, 0, NULL, NULL)
INSERT [dbo].[DELETE] ([ID_DELETE], [EMPLOYEE_ID], [ISDELETED], [MONTH], [NOTE]) VALUES (20, 21, 0, NULL, NULL)
INSERT [dbo].[DELETE] ([ID_DELETE], [EMPLOYEE_ID], [ISDELETED], [MONTH], [NOTE]) VALUES (21, 22, 0, NULL, NULL)
INSERT [dbo].[DELETE] ([ID_DELETE], [EMPLOYEE_ID], [ISDELETED], [MONTH], [NOTE]) VALUES (22, 23, 0, NULL, NULL)
INSERT [dbo].[DELETE] ([ID_DELETE], [EMPLOYEE_ID], [ISDELETED], [MONTH], [NOTE]) VALUES (23, 25, 0, NULL, NULL)
INSERT [dbo].[DELETE] ([ID_DELETE], [EMPLOYEE_ID], [ISDELETED], [MONTH], [NOTE]) VALUES (24, 26, 0, NULL, NULL)
INSERT [dbo].[DELETE] ([ID_DELETE], [EMPLOYEE_ID], [ISDELETED], [MONTH], [NOTE]) VALUES (25, 27, 0, NULL, NULL)
INSERT [dbo].[DELETE] ([ID_DELETE], [EMPLOYEE_ID], [ISDELETED], [MONTH], [NOTE]) VALUES (26, 28, 0, NULL, NULL)
INSERT [dbo].[DELETE] ([ID_DELETE], [EMPLOYEE_ID], [ISDELETED], [MONTH], [NOTE]) VALUES (27, 29, 0, NULL, NULL)
INSERT [dbo].[DELETE] ([ID_DELETE], [EMPLOYEE_ID], [ISDELETED], [MONTH], [NOTE]) VALUES (28, 30, 0, NULL, NULL)
INSERT [dbo].[DELETE] ([ID_DELETE], [EMPLOYEE_ID], [ISDELETED], [MONTH], [NOTE]) VALUES (29, 31, 0, NULL, NULL)
INSERT [dbo].[DELETE] ([ID_DELETE], [EMPLOYEE_ID], [ISDELETED], [MONTH], [NOTE]) VALUES (30, 32, 0, NULL, NULL)
SET IDENTITY_INSERT [dbo].[DELETE] OFF
GO
SET IDENTITY_INSERT [dbo].[DEPARTMENT] ON 

INSERT [dbo].[DEPARTMENT] ([DEPT_ID], [DEPT_NAME], [ROOM_ID]) VALUES (1, N'HUMAN RESOURCE DEPT', NULL)
INSERT [dbo].[DEPARTMENT] ([DEPT_ID], [DEPT_NAME], [ROOM_ID]) VALUES (2, N'ACOUNTING DEPT', NULL)
INSERT [dbo].[DEPARTMENT] ([DEPT_ID], [DEPT_NAME], [ROOM_ID]) VALUES (3, N'DIRECTOR DEPT', NULL)
INSERT [dbo].[DEPARTMENT] ([DEPT_ID], [DEPT_NAME], [ROOM_ID]) VALUES (4, N'SOFTWARE DEPT', NULL)
INSERT [dbo].[DEPARTMENT] ([DEPT_ID], [DEPT_NAME], [ROOM_ID]) VALUES (5, N'QUALITY MANAGEMENT DEPT', NULL)
INSERT [dbo].[DEPARTMENT] ([DEPT_ID], [DEPT_NAME], [ROOM_ID]) VALUES (6, N'BUSSINESS DEPT', NULL)
INSERT [dbo].[DEPARTMENT] ([DEPT_ID], [DEPT_NAME], [ROOM_ID]) VALUES (7, N'SUPPORT DEPT', NULL)
SET IDENTITY_INSERT [dbo].[DEPARTMENT] OFF
GO
SET IDENTITY_INSERT [dbo].[EMPLOYEE] ON 

INSERT [dbo].[EMPLOYEE] ([EMPLOYEE_ID], [ID_CARD], [NAME], [AGE], [GENDER], [ACADEMIC_LEVEL], [BIRTH_DATE], [BIRTH_PLACE], [EMAIL], [PHONE], [CITIZENSHIP], [DEPT_ID], [ROLE_ID], [IMAGE]) VALUES (1, 10001, N'DUC TAM', 20, N'MALE', N'Master', CAST(N'2001-11-25' AS Date), N'BINH DUONG', N'19522131@gm.uit.edu.vn', N'0356178239', N'QUANG NAM', 5, 1, NULL)
INSERT [dbo].[EMPLOYEE] ([EMPLOYEE_ID], [ID_CARD], [NAME], [AGE], [GENDER], [ACADEMIC_LEVEL], [BIRTH_DATE], [BIRTH_PLACE], [EMAIL], [PHONE], [CITIZENSHIP], [DEPT_ID], [ROLE_ID], [IMAGE]) VALUES (2, 10002, N'CAO NGUYEN MINH QUAN', 20, N'MALE', N'Master', CAST(N'2001-09-18' AS Date), N'BEN TRE BENTRE', N'19522074@gm.uit.edu.vn', N'0793990898', N'BEN TRE', 2, 1, NULL)
INSERT [dbo].[EMPLOYEE] ([EMPLOYEE_ID], [ID_CARD], [NAME], [AGE], [GENDER], [ACADEMIC_LEVEL], [BIRTH_DATE], [BIRTH_PLACE], [EMAIL], [PHONE], [CITIZENSHIP], [DEPT_ID], [ROLE_ID], [IMAGE]) VALUES (3, 10003, N'DANG HAI HOANG SON', 20, N'MALE', N'MASTER', CAST(N'2001-05-31' AS Date), N'DONG NAI', N'19522166@gm.uit.edu.vn', N'0708677905', N'DONG NAI', 3, 4, NULL)
INSERT [dbo].[EMPLOYEE] ([EMPLOYEE_ID], [ID_CARD], [NAME], [AGE], [GENDER], [ACADEMIC_LEVEL], [BIRTH_DATE], [BIRTH_PLACE], [EMAIL], [PHONE], [CITIZENSHIP], [DEPT_ID], [ROLE_ID], [IMAGE]) VALUES (4, 100024, N'HOANG QUOC TRONG', 20, N'MALE', N'Master', CAST(N'2001-11-11' AS Date), N'BA RIA - VUNG TAU', N'19622408@gm.uit.edu.vn', N'0797635128', N'QUANG NAM', 1, 1, NULL)
INSERT [dbo].[EMPLOYEE] ([EMPLOYEE_ID], [ID_CARD], [NAME], [AGE], [GENDER], [ACADEMIC_LEVEL], [BIRTH_DATE], [BIRTH_PLACE], [EMAIL], [PHONE], [CITIZENSHIP], [DEPT_ID], [ROLE_ID], [IMAGE]) VALUES (6, 23320, N'TEST SALARY 2', 0, NULL, N'Master', CAST(N'2021-06-02' AS Date), NULL, NULL, NULL, NULL, 2, 1, NULL)
INSERT [dbo].[EMPLOYEE] ([EMPLOYEE_ID], [ID_CARD], [NAME], [AGE], [GENDER], [ACADEMIC_LEVEL], [BIRTH_DATE], [BIRTH_PLACE], [EMAIL], [PHONE], [CITIZENSHIP], [DEPT_ID], [ROLE_ID], [IMAGE]) VALUES (7, 12320, N'TestDetail', 0, NULL, N'Master', CAST(N'2021-06-16' AS Date), NULL, NULL, NULL, NULL, 5, 2, NULL)
INSERT [dbo].[EMPLOYEE] ([EMPLOYEE_ID], [ID_CARD], [NAME], [AGE], [GENDER], [ACADEMIC_LEVEL], [BIRTH_DATE], [BIRTH_PLACE], [EMAIL], [PHONE], [CITIZENSHIP], [DEPT_ID], [ROLE_ID], [IMAGE]) VALUES (8, 23242312, N'NGUYEN VAN AAA', 0, NULL, N'Bachelor', CAST(N'2021-06-26' AS Date), NULL, NULL, NULL, NULL, 1, 2, NULL)
INSERT [dbo].[EMPLOYEE] ([EMPLOYEE_ID], [ID_CARD], [NAME], [AGE], [GENDER], [ACADEMIC_LEVEL], [BIRTH_DATE], [BIRTH_PLACE], [EMAIL], [PHONE], [CITIZENSHIP], [DEPT_ID], [ROLE_ID], [IMAGE]) VALUES (9, 232110, N'NGUYEN VAN AA', 21, NULL, N'Bachelor', CAST(N'2000-07-04' AS Date), NULL, NULL, NULL, NULL, 2, 2, NULL)
INSERT [dbo].[EMPLOYEE] ([EMPLOYEE_ID], [ID_CARD], [NAME], [AGE], [GENDER], [ACADEMIC_LEVEL], [BIRTH_DATE], [BIRTH_PLACE], [EMAIL], [PHONE], [CITIZENSHIP], [DEPT_ID], [ROLE_ID], [IMAGE]) VALUES (10, 0, N'NGUYEN VAN AB', 20, NULL, N'Bachelor', CAST(N'2001-07-11' AS Date), NULL, NULL, NULL, NULL, 2, 3, NULL)
INSERT [dbo].[EMPLOYEE] ([EMPLOYEE_ID], [ID_CARD], [NAME], [AGE], [GENDER], [ACADEMIC_LEVEL], [BIRTH_DATE], [BIRTH_PLACE], [EMAIL], [PHONE], [CITIZENSHIP], [DEPT_ID], [ROLE_ID], [IMAGE]) VALUES (11, 1234214, N'NGUYEN VAN AC', 0, NULL, N'Bachelor', CAST(N'2021-06-26' AS Date), NULL, NULL, NULL, NULL, 2, 3, NULL)
INSERT [dbo].[EMPLOYEE] ([EMPLOYEE_ID], [ID_CARD], [NAME], [AGE], [GENDER], [ACADEMIC_LEVEL], [BIRTH_DATE], [BIRTH_PLACE], [EMAIL], [PHONE], [CITIZENSHIP], [DEPT_ID], [ROLE_ID], [IMAGE]) VALUES (12, 23350, N'NGUYEN VAN AAB', 20, NULL, N'Master', CAST(N'2001-06-05' AS Date), NULL, NULL, NULL, NULL, 1, 3, NULL)
INSERT [dbo].[EMPLOYEE] ([EMPLOYEE_ID], [ID_CARD], [NAME], [AGE], [GENDER], [ACADEMIC_LEVEL], [BIRTH_DATE], [BIRTH_PLACE], [EMAIL], [PHONE], [CITIZENSHIP], [DEPT_ID], [ROLE_ID], [IMAGE]) VALUES (13, 24343, N'NGUYEN VAN AAC', 20, NULL, N'Bachelor', CAST(N'2001-07-04' AS Date), NULL, NULL, NULL, NULL, 1, 3, NULL)
INSERT [dbo].[EMPLOYEE] ([EMPLOYEE_ID], [ID_CARD], [NAME], [AGE], [GENDER], [ACADEMIC_LEVEL], [BIRTH_DATE], [BIRTH_PLACE], [EMAIL], [PHONE], [CITIZENSHIP], [DEPT_ID], [ROLE_ID], [IMAGE]) VALUES (14, 24234, N'NGUYEN VAN AAD', 0, NULL, N'Bachelor', CAST(N'2021-06-26' AS Date), NULL, NULL, NULL, NULL, 1, 3, NULL)
INSERT [dbo].[EMPLOYEE] ([EMPLOYEE_ID], [ID_CARD], [NAME], [AGE], [GENDER], [ACADEMIC_LEVEL], [BIRTH_DATE], [BIRTH_PLACE], [EMAIL], [PHONE], [CITIZENSHIP], [DEPT_ID], [ROLE_ID], [IMAGE]) VALUES (15, 214120, N'NGUYEN VAN AD', 20, NULL, N'Bachelor', CAST(N'2001-07-11' AS Date), NULL, NULL, NULL, NULL, 2, 3, NULL)
INSERT [dbo].[EMPLOYEE] ([EMPLOYEE_ID], [ID_CARD], [NAME], [AGE], [GENDER], [ACADEMIC_LEVEL], [BIRTH_DATE], [BIRTH_PLACE], [EMAIL], [PHONE], [CITIZENSHIP], [DEPT_ID], [ROLE_ID], [IMAGE]) VALUES (16, 242424, N'NGUYEN VAN ABA', 0, NULL, N'Bachelor', CAST(N'2021-06-26' AS Date), NULL, NULL, NULL, NULL, 4, 1, NULL)
INSERT [dbo].[EMPLOYEE] ([EMPLOYEE_ID], [ID_CARD], [NAME], [AGE], [GENDER], [ACADEMIC_LEVEL], [BIRTH_DATE], [BIRTH_PLACE], [EMAIL], [PHONE], [CITIZENSHIP], [DEPT_ID], [ROLE_ID], [IMAGE]) VALUES (18, 34324, N'NGUYEN VAN ABB', 20, NULL, N'Bachelor', CAST(N'2001-07-04' AS Date), NULL, NULL, NULL, NULL, 4, 2, NULL)
INSERT [dbo].[EMPLOYEE] ([EMPLOYEE_ID], [ID_CARD], [NAME], [AGE], [GENDER], [ACADEMIC_LEVEL], [BIRTH_DATE], [BIRTH_PLACE], [EMAIL], [PHONE], [CITIZENSHIP], [DEPT_ID], [ROLE_ID], [IMAGE]) VALUES (19, 34234, N'NGUYEN VAN ABC', 20, NULL, N'Bachelor', CAST(N'2001-06-06' AS Date), NULL, NULL, NULL, NULL, 4, 3, NULL)
INSERT [dbo].[EMPLOYEE] ([EMPLOYEE_ID], [ID_CARD], [NAME], [AGE], [GENDER], [ACADEMIC_LEVEL], [BIRTH_DATE], [BIRTH_PLACE], [EMAIL], [PHONE], [CITIZENSHIP], [DEPT_ID], [ROLE_ID], [IMAGE]) VALUES (20, 42325, N'NGUYEN VAN ABD', 0, NULL, N'Bachelor', CAST(N'2021-06-10' AS Date), NULL, NULL, NULL, NULL, 4, 3, NULL)
INSERT [dbo].[EMPLOYEE] ([EMPLOYEE_ID], [ID_CARD], [NAME], [AGE], [GENDER], [ACADEMIC_LEVEL], [BIRTH_DATE], [BIRTH_PLACE], [EMAIL], [PHONE], [CITIZENSHIP], [DEPT_ID], [ROLE_ID], [IMAGE]) VALUES (21, 243434, N'NGUYEN VAN BA', 0, NULL, N'Bachelor', CAST(N'2021-06-27' AS Date), NULL, NULL, NULL, NULL, 5, 2, NULL)
INSERT [dbo].[EMPLOYEE] ([EMPLOYEE_ID], [ID_CARD], [NAME], [AGE], [GENDER], [ACADEMIC_LEVEL], [BIRTH_DATE], [BIRTH_PLACE], [EMAIL], [PHONE], [CITIZENSHIP], [DEPT_ID], [ROLE_ID], [IMAGE]) VALUES (22, 24124, N'NGUYEN VAN BB', 0, NULL, N'Bachelor', CAST(N'2021-06-27' AS Date), NULL, NULL, NULL, NULL, 5, 3, NULL)
INSERT [dbo].[EMPLOYEE] ([EMPLOYEE_ID], [ID_CARD], [NAME], [AGE], [GENDER], [ACADEMIC_LEVEL], [BIRTH_DATE], [BIRTH_PLACE], [EMAIL], [PHONE], [CITIZENSHIP], [DEPT_ID], [ROLE_ID], [IMAGE]) VALUES (23, 24123, N'NGUYEN VAN BC', 0, NULL, N'Bachelor', CAST(N'2021-06-27' AS Date), NULL, NULL, NULL, NULL, 5, 3, NULL)
INSERT [dbo].[EMPLOYEE] ([EMPLOYEE_ID], [ID_CARD], [NAME], [AGE], [GENDER], [ACADEMIC_LEVEL], [BIRTH_DATE], [BIRTH_PLACE], [EMAIL], [PHONE], [CITIZENSHIP], [DEPT_ID], [ROLE_ID], [IMAGE]) VALUES (25, 1241250, N'NGUYEN VAN BBA', 0, NULL, N'Bachelor', CAST(N'2021-06-27' AS Date), NULL, NULL, NULL, NULL, 6, 1, NULL)
INSERT [dbo].[EMPLOYEE] ([EMPLOYEE_ID], [ID_CARD], [NAME], [AGE], [GENDER], [ACADEMIC_LEVEL], [BIRTH_DATE], [BIRTH_PLACE], [EMAIL], [PHONE], [CITIZENSHIP], [DEPT_ID], [ROLE_ID], [IMAGE]) VALUES (26, 4634634, N'NGUYEN VAN BBB', 0, NULL, N'Bachelor', CAST(N'2021-06-27' AS Date), NULL, NULL, NULL, NULL, 6, 2, NULL)
INSERT [dbo].[EMPLOYEE] ([EMPLOYEE_ID], [ID_CARD], [NAME], [AGE], [GENDER], [ACADEMIC_LEVEL], [BIRTH_DATE], [BIRTH_PLACE], [EMAIL], [PHONE], [CITIZENSHIP], [DEPT_ID], [ROLE_ID], [IMAGE]) VALUES (27, 23523521, N'NGUYEN VAN BBC', 0, NULL, N'Bachelor', CAST(N'2021-06-27' AS Date), NULL, NULL, NULL, NULL, 6, 3, NULL)
INSERT [dbo].[EMPLOYEE] ([EMPLOYEE_ID], [ID_CARD], [NAME], [AGE], [GENDER], [ACADEMIC_LEVEL], [BIRTH_DATE], [BIRTH_PLACE], [EMAIL], [PHONE], [CITIZENSHIP], [DEPT_ID], [ROLE_ID], [IMAGE]) VALUES (28, 23523562, N'NGUYEN VAN BBD', 0, NULL, N'Bachelor', CAST(N'2021-06-27' AS Date), NULL, NULL, NULL, NULL, 6, 3, NULL)
INSERT [dbo].[EMPLOYEE] ([EMPLOYEE_ID], [ID_CARD], [NAME], [AGE], [GENDER], [ACADEMIC_LEVEL], [BIRTH_DATE], [BIRTH_PLACE], [EMAIL], [PHONE], [CITIZENSHIP], [DEPT_ID], [ROLE_ID], [IMAGE]) VALUES (29, 2412251, N'NGUYEN VAN A', 0, NULL, N'Master', CAST(N'2021-06-27' AS Date), NULL, NULL, NULL, NULL, 7, 1, NULL)
INSERT [dbo].[EMPLOYEE] ([EMPLOYEE_ID], [ID_CARD], [NAME], [AGE], [GENDER], [ACADEMIC_LEVEL], [BIRTH_DATE], [BIRTH_PLACE], [EMAIL], [PHONE], [CITIZENSHIP], [DEPT_ID], [ROLE_ID], [IMAGE]) VALUES (30, 2141231, N'NGUYEN VAN B', 0, NULL, N'Bachelor', CAST(N'2021-06-27' AS Date), NULL, NULL, NULL, NULL, 7, 2, NULL)
INSERT [dbo].[EMPLOYEE] ([EMPLOYEE_ID], [ID_CARD], [NAME], [AGE], [GENDER], [ACADEMIC_LEVEL], [BIRTH_DATE], [BIRTH_PLACE], [EMAIL], [PHONE], [CITIZENSHIP], [DEPT_ID], [ROLE_ID], [IMAGE]) VALUES (31, 2142151223, N'NGUYEN VAN C', 0, NULL, N'Bachelor', CAST(N'2021-06-27' AS Date), NULL, NULL, NULL, NULL, 7, 3, NULL)
INSERT [dbo].[EMPLOYEE] ([EMPLOYEE_ID], [ID_CARD], [NAME], [AGE], [GENDER], [ACADEMIC_LEVEL], [BIRTH_DATE], [BIRTH_PLACE], [EMAIL], [PHONE], [CITIZENSHIP], [DEPT_ID], [ROLE_ID], [IMAGE]) VALUES (32, 214123124, N'NGUYEN VAN D', 0, NULL, N'Bachelor', CAST(N'2021-06-27' AS Date), NULL, NULL, NULL, NULL, 7, 3, NULL)
SET IDENTITY_INSERT [dbo].[EMPLOYEE] OFF
GO
SET IDENTITY_INSERT [dbo].[RECORD] ON 

INSERT [dbo].[RECORD] ([ID], [EMPLOYEE_ID], [DEPT_ID], [EMPLOYEE_CHANGE_ID], [EMPLOYEE_CHANGE_NAME], [CHANGE], [DATE_CHANGE], [MONTH_CHANGE]) VALUES (1, 2, 2, 1, N'TRAN DUC TAM', N'SOCIAL INSUARANCE (0 -> 100000)     HEALTH INSUARANCE (0 -> 200000)     ,TOTAL SALARY (0 -> -300000)     ,NOTE ('''' -> ''Update Salary'')     ,', CAST(N'2021-05-30T14:15:00' AS SmallDateTime), CAST(N'2021-05-01' AS Date))
INSERT [dbo].[RECORD] ([ID], [EMPLOYEE_ID], [DEPT_ID], [EMPLOYEE_CHANGE_ID], [EMPLOYEE_CHANGE_NAME], [CHANGE], [DATE_CHANGE], [MONTH_CHANGE]) VALUES (2, 2, 2, 2, N'CAO NGUYEN MINH QUAN', N'BONUS (370000 -> 3700000)     ,TOTAL SALARY (6660000 -> 9990000)     ,', CAST(N'2021-05-30T14:20:00' AS SmallDateTime), CAST(N'2021-04-01' AS Date))
INSERT [dbo].[RECORD] ([ID], [EMPLOYEE_ID], [DEPT_ID], [EMPLOYEE_CHANGE_ID], [EMPLOYEE_CHANGE_NAME], [CHANGE], [DATE_CHANGE], [MONTH_CHANGE]) VALUES (3, 4, 1, 4, N'HOANG QUOC TRONG', N'BONUS (360000 -> 3600000)     ,TOTAL SALARY (5697000 -> 8937000)     ,', CAST(N'2021-05-30T14:27:00' AS SmallDateTime), CAST(N'2021-04-01' AS Date))
INSERT [dbo].[RECORD] ([ID], [EMPLOYEE_ID], [DEPT_ID], [EMPLOYEE_CHANGE_ID], [EMPLOYEE_CHANGE_NAME], [CHANGE], [DATE_CHANGE], [MONTH_CHANGE]) VALUES (4, 1, 4, 1, N'TRAN DUC TAM', N'BONUS (0 -> 1000000)     ,TOTAL SALARY (-300000 -> 700000)     ,', CAST(N'2021-05-30T14:29:00' AS SmallDateTime), CAST(N'2021-05-01' AS Date))
INSERT [dbo].[RECORD] ([ID], [EMPLOYEE_ID], [DEPT_ID], [EMPLOYEE_CHANGE_ID], [EMPLOYEE_CHANGE_NAME], [CHANGE], [DATE_CHANGE], [MONTH_CHANGE]) VALUES (5, 4, 1, 1, N'TRAN DUC TAM', N'BONUS (1000000 -> 100000)     ,TOTAL SALARY (700000 -> -200000)     ,', CAST(N'2021-05-30T14:32:00' AS SmallDateTime), CAST(N'2021-05-01' AS Date))
INSERT [dbo].[RECORD] ([ID], [EMPLOYEE_ID], [DEPT_ID], [EMPLOYEE_CHANGE_ID], [EMPLOYEE_CHANGE_NAME], [CHANGE], [DATE_CHANGE], [MONTH_CHANGE]) VALUES (6, 2, 2, 1, N'TRAN DUC TAM', N'NOTE ('''' -> ''Update Salary'')     ,', CAST(N'2021-05-30T14:37:00' AS SmallDateTime), CAST(N'2021-05-01' AS Date))
INSERT [dbo].[RECORD] ([ID], [EMPLOYEE_ID], [DEPT_ID], [EMPLOYEE_CHANGE_ID], [EMPLOYEE_CHANGE_NAME], [CHANGE], [DATE_CHANGE], [MONTH_CHANGE]) VALUES (7, 2, 2, 1, N'TRAN DUC TAM', N'NOTE ('''' -> ''UPDATE'')     ,', CAST(N'2021-05-30T14:38:00' AS SmallDateTime), CAST(N'2021-05-01' AS Date))
INSERT [dbo].[RECORD] ([ID], [EMPLOYEE_ID], [DEPT_ID], [EMPLOYEE_CHANGE_ID], [EMPLOYEE_CHANGE_NAME], [CHANGE], [DATE_CHANGE], [MONTH_CHANGE]) VALUES (8, 4, 1, 0, N'Hoang Quoc Trong', N'Added Name = Hoang Quoc Trong', CAST(N'2021-06-02T16:02:00' AS SmallDateTime), CAST(N'2021-06-01' AS Date))
INSERT [dbo].[RECORD] ([ID], [EMPLOYEE_ID], [DEPT_ID], [EMPLOYEE_CHANGE_ID], [EMPLOYEE_CHANGE_NAME], [CHANGE], [DATE_CHANGE], [MONTH_CHANGE]) VALUES (9, 4, 1, 0, N'TEST SALARY 2', N'Added Name = TEST SALARY 2', CAST(N'2021-06-02T16:40:00' AS SmallDateTime), CAST(N'2021-06-01' AS Date))
INSERT [dbo].[RECORD] ([ID], [EMPLOYEE_ID], [DEPT_ID], [EMPLOYEE_CHANGE_ID], [EMPLOYEE_CHANGE_NAME], [CHANGE], [DATE_CHANGE], [MONTH_CHANGE]) VALUES (10, 4, 1, 0, N'TestDetail', N'Added Name = TestDetail', CAST(N'2021-06-16T15:27:00' AS SmallDateTime), CAST(N'2021-06-01' AS Date))
INSERT [dbo].[RECORD] ([ID], [EMPLOYEE_ID], [DEPT_ID], [EMPLOYEE_CHANGE_ID], [EMPLOYEE_CHANGE_NAME], [CHANGE], [DATE_CHANGE], [MONTH_CHANGE]) VALUES (11, 4, 1, 0, N'CAO NGUYEN MINH', N'NAME (CAO NGUYEN MINH QUAN -> CAO NGUYEN MINH)   ROLE (DIRECTOR -> DIRECTOR)   DEPARTMENT (ACOUNTING DEPT -> ACOUNTING DEPT)   ', CAST(N'2021-06-16T21:55:00' AS SmallDateTime), CAST(N'2021-06-01' AS Date))
INSERT [dbo].[RECORD] ([ID], [EMPLOYEE_ID], [DEPT_ID], [EMPLOYEE_CHANGE_ID], [EMPLOYEE_CHANGE_NAME], [CHANGE], [DATE_CHANGE], [MONTH_CHANGE]) VALUES (12, 4, 1, 0, N'CAO NGUYEN MINH', N'BIRTH_PLACE (BEN TRE -> BEN TRE BENTRE)   ROLE (DIRECTOR -> DIRECTOR)   DEPARTMENT (ACOUNTING DEPT -> ACOUNTING DEPT)   ', CAST(N'2021-06-16T21:56:00' AS SmallDateTime), CAST(N'2021-06-01' AS Date))
INSERT [dbo].[RECORD] ([ID], [EMPLOYEE_ID], [DEPT_ID], [EMPLOYEE_CHANGE_ID], [EMPLOYEE_CHANGE_NAME], [CHANGE], [DATE_CHANGE], [MONTH_CHANGE]) VALUES (13, 4, 1, 0, N'CAO NGUYEN MINH QUAN', N'NAME (CAO NGUYEN MINH -> CAO NGUYEN MINH QUAN)   ROLE (DIRECTOR -> DIRECTOR)   DEPARTMENT (ACOUNTING DEPT -> ACOUNTING DEPT)   ', CAST(N'2021-06-16T21:56:00' AS SmallDateTime), CAST(N'2021-06-01' AS Date))
INSERT [dbo].[RECORD] ([ID], [EMPLOYEE_ID], [DEPT_ID], [EMPLOYEE_CHANGE_ID], [EMPLOYEE_CHANGE_NAME], [CHANGE], [DATE_CHANGE], [MONTH_CHANGE]) VALUES (14, 4, 1, 0, N'DANG HAI HOANG SON', N'ROLE (DIRECTOR -> DIRECTOR)   DEPARTMENT (DIRECTOR DEPT -> DIRECTOR DEPT)   ', CAST(N'2021-06-16T21:59:00' AS SmallDateTime), CAST(N'2021-06-01' AS Date))
INSERT [dbo].[RECORD] ([ID], [EMPLOYEE_ID], [DEPT_ID], [EMPLOYEE_CHANGE_ID], [EMPLOYEE_CHANGE_NAME], [CHANGE], [DATE_CHANGE], [MONTH_CHANGE]) VALUES (15, 4, 1, 0, N'TRAN DUC TAM', N'ROLE (MANAGER -> MANAGER)   DEPARTMENT (SOFTWARE DEPT -> SOFTWARE DEPT)   ', CAST(N'2021-06-16T21:59:00' AS SmallDateTime), CAST(N'2021-06-01' AS Date))
INSERT [dbo].[RECORD] ([ID], [EMPLOYEE_ID], [DEPT_ID], [EMPLOYEE_CHANGE_ID], [EMPLOYEE_CHANGE_NAME], [CHANGE], [DATE_CHANGE], [MONTH_CHANGE]) VALUES (16, 4, 1, 0, N'HOANG QUOC TRONG', N'ROLE (MANAGER -> MANAGER)   DEPARTMENT (HUMAN RESOURCE DEPT -> HUMAN RESOURCE DEPT)   ', CAST(N'2021-06-16T22:00:00' AS SmallDateTime), CAST(N'2021-06-01' AS Date))
INSERT [dbo].[RECORD] ([ID], [EMPLOYEE_ID], [DEPT_ID], [EMPLOYEE_CHANGE_ID], [EMPLOYEE_CHANGE_NAME], [CHANGE], [DATE_CHANGE], [MONTH_CHANGE]) VALUES (17, 4, 1, 0, N'CAO NGUYEN MINH QUAN', N'ROLE (DIRECTOR -> DIRECTOR)   DEPARTMENT (ACOUNTING DEPT -> ACOUNTING DEPT)   ', CAST(N'2021-06-16T22:01:00' AS SmallDateTime), CAST(N'2021-06-01' AS Date))
INSERT [dbo].[RECORD] ([ID], [EMPLOYEE_ID], [DEPT_ID], [EMPLOYEE_CHANGE_ID], [EMPLOYEE_CHANGE_NAME], [CHANGE], [DATE_CHANGE], [MONTH_CHANGE]) VALUES (18, 4, 1, 0, N'DUC TAM', N'NAME (TRAN DUC TAM -> DUC TAM)   ROLE (MANAGER -> MANAGER)   DEPARTMENT (SOFTWARE DEPT -> SOFTWARE DEPT)   ', CAST(N'2021-06-17T11:02:00' AS SmallDateTime), CAST(N'2021-06-01' AS Date))
INSERT [dbo].[RECORD] ([ID], [EMPLOYEE_ID], [DEPT_ID], [EMPLOYEE_CHANGE_ID], [EMPLOYEE_CHANGE_NAME], [CHANGE], [DATE_CHANGE], [MONTH_CHANGE]) VALUES (19, 4, 1, 0, N'HOANG QUOC TRONG', N' CARD ID (10004 -> 100024)   ROLE (MANAGER -> MANAGER)   DEPARTMENT (HUMAN RESOURCE DEPT -> HUMAN RESOURCE DEPT)   ', CAST(N'2021-06-17T14:21:00' AS SmallDateTime), CAST(N'2021-06-01' AS Date))
INSERT [dbo].[RECORD] ([ID], [EMPLOYEE_ID], [DEPT_ID], [EMPLOYEE_CHANGE_ID], [EMPLOYEE_CHANGE_NAME], [CHANGE], [DATE_CHANGE], [MONTH_CHANGE]) VALUES (20, 4, 1, 0, N'NGUYENVANAAA', N'Added Name = NGUYENVANAAA(id: 0)', CAST(N'2021-06-26T22:56:00' AS SmallDateTime), CAST(N'2021-06-01' AS Date))
INSERT [dbo].[RECORD] ([ID], [EMPLOYEE_ID], [DEPT_ID], [EMPLOYEE_CHANGE_ID], [EMPLOYEE_CHANGE_NAME], [CHANGE], [DATE_CHANGE], [MONTH_CHANGE]) VALUES (21, 4, 1, 0, N'NGUYEN VAN AAA', N'NAME (NGUYENVANAAA -> NGUYEN VAN AAA)   ROLE (VICE MANAGER -> VICE MANAGER)   DEPARTMENT (HUMAN RESOURCE DEPT -> HUMAN RESOURCE DEPT)   ', CAST(N'2021-06-26T22:56:00' AS SmallDateTime), CAST(N'2021-06-01' AS Date))
INSERT [dbo].[RECORD] ([ID], [EMPLOYEE_ID], [DEPT_ID], [EMPLOYEE_CHANGE_ID], [EMPLOYEE_CHANGE_NAME], [CHANGE], [DATE_CHANGE], [MONTH_CHANGE]) VALUES (22, 8, 1, 0, N'NGUYEN VAN AA', N'Added Name = NGUYEN VAN AA(id: 0)', CAST(N'2021-06-26T22:58:00' AS SmallDateTime), CAST(N'2021-06-01' AS Date))
INSERT [dbo].[RECORD] ([ID], [EMPLOYEE_ID], [DEPT_ID], [EMPLOYEE_CHANGE_ID], [EMPLOYEE_CHANGE_NAME], [CHANGE], [DATE_CHANGE], [MONTH_CHANGE]) VALUES (23, 4, 1, 0, N'NGUYEN VAN AB', N'Added Name = NGUYEN VAN AB(id: 0)', CAST(N'2021-06-26T23:09:00' AS SmallDateTime), CAST(N'2021-06-01' AS Date))
INSERT [dbo].[RECORD] ([ID], [EMPLOYEE_ID], [DEPT_ID], [EMPLOYEE_CHANGE_ID], [EMPLOYEE_CHANGE_NAME], [CHANGE], [DATE_CHANGE], [MONTH_CHANGE]) VALUES (24, 4, 1, 0, N'NGUYEN VAN AC', N'Added Name = NGUYEN VAN AC(id: 0)', CAST(N'2021-06-26T23:12:00' AS SmallDateTime), CAST(N'2021-06-01' AS Date))
INSERT [dbo].[RECORD] ([ID], [EMPLOYEE_ID], [DEPT_ID], [EMPLOYEE_CHANGE_ID], [EMPLOYEE_CHANGE_NAME], [CHANGE], [DATE_CHANGE], [MONTH_CHANGE]) VALUES (25, 4, 1, 0, N'CAO NGUYEN MINH QUAN', N'ROLE (DIRECTOR -> MANAGER)   DEPARTMENT (ACOUNTING DEPT -> ACOUNTING DEPT)   ', CAST(N'2021-06-26T23:13:00' AS SmallDateTime), CAST(N'2021-06-01' AS Date))
INSERT [dbo].[RECORD] ([ID], [EMPLOYEE_ID], [DEPT_ID], [EMPLOYEE_CHANGE_ID], [EMPLOYEE_CHANGE_NAME], [CHANGE], [DATE_CHANGE], [MONTH_CHANGE]) VALUES (26, 4, 1, 0, N'NGUYEN VAN AB', N'ROLE (MANAGER -> EMPLOYEE)   DEPARTMENT (ACOUNTING DEPT -> ACOUNTING DEPT)   ', CAST(N'2021-06-26T23:13:00' AS SmallDateTime), CAST(N'2021-06-01' AS Date))
INSERT [dbo].[RECORD] ([ID], [EMPLOYEE_ID], [DEPT_ID], [EMPLOYEE_CHANGE_ID], [EMPLOYEE_CHANGE_NAME], [CHANGE], [DATE_CHANGE], [MONTH_CHANGE]) VALUES (27, 4, 1, 0, N'NGUYEN VAN AAB', N'Added Name = NGUYEN VAN AAB', CAST(N'2021-06-26T23:26:00' AS SmallDateTime), CAST(N'2021-06-01' AS Date))
INSERT [dbo].[RECORD] ([ID], [EMPLOYEE_ID], [DEPT_ID], [EMPLOYEE_CHANGE_ID], [EMPLOYEE_CHANGE_NAME], [CHANGE], [DATE_CHANGE], [MONTH_CHANGE]) VALUES (28, 4, 1, 6, N'TEST SALARY 2', N' Removed ID = 6, Name = TEST SALARY 2, Reason: NIO', CAST(N'2021-06-26T23:27:00' AS SmallDateTime), CAST(N'2021-06-01' AS Date))
INSERT [dbo].[RECORD] ([ID], [EMPLOYEE_ID], [DEPT_ID], [EMPLOYEE_CHANGE_ID], [EMPLOYEE_CHANGE_NAME], [CHANGE], [DATE_CHANGE], [MONTH_CHANGE]) VALUES (29, 4, 1, 3, N'DANG HAI HOANG SON', N'DANG HAI HOANG SON(id: 3) timekeeping in date: 26/6/2021 changed from absent to work', CAST(N'2021-06-26T23:28:00' AS SmallDateTime), CAST(N'2021-06-01' AS Date))
INSERT [dbo].[RECORD] ([ID], [EMPLOYEE_ID], [DEPT_ID], [EMPLOYEE_CHANGE_ID], [EMPLOYEE_CHANGE_NAME], [CHANGE], [DATE_CHANGE], [MONTH_CHANGE]) VALUES (30, 4, 1, 0, N'NGUYEN VAN AAC', N'Added Name = NGUYEN VAN AACID = 0', CAST(N'2021-06-26T23:37:00' AS SmallDateTime), CAST(N'2021-06-01' AS Date))
INSERT [dbo].[RECORD] ([ID], [EMPLOYEE_ID], [DEPT_ID], [EMPLOYEE_CHANGE_ID], [EMPLOYEE_CHANGE_NAME], [CHANGE], [DATE_CHANGE], [MONTH_CHANGE]) VALUES (31, 4, 1, 0, N'NGUYEN VAN AAD', N'Added Name = NGUYEN VAN AADID = 0', CAST(N'2021-06-26T23:38:00' AS SmallDateTime), CAST(N'2021-06-01' AS Date))
INSERT [dbo].[RECORD] ([ID], [EMPLOYEE_ID], [DEPT_ID], [EMPLOYEE_CHANGE_ID], [EMPLOYEE_CHANGE_NAME], [CHANGE], [DATE_CHANGE], [MONTH_CHANGE]) VALUES (32, 4, 1, 7, N'TestDetail', N' Removed ID = 7, Name = TestDetail, Reason: for fun', CAST(N'2021-06-26T23:38:00' AS SmallDateTime), CAST(N'2021-06-01' AS Date))
INSERT [dbo].[RECORD] ([ID], [EMPLOYEE_ID], [DEPT_ID], [EMPLOYEE_CHANGE_ID], [EMPLOYEE_CHANGE_NAME], [CHANGE], [DATE_CHANGE], [MONTH_CHANGE]) VALUES (33, 4, 1, 0, N'NGUYEN VAN AD', N'Added Name = NGUYEN VAN ADID = 0', CAST(N'2021-06-26T23:39:00' AS SmallDateTime), CAST(N'2021-06-01' AS Date))
INSERT [dbo].[RECORD] ([ID], [EMPLOYEE_ID], [DEPT_ID], [EMPLOYEE_CHANGE_ID], [EMPLOYEE_CHANGE_NAME], [CHANGE], [DATE_CHANGE], [MONTH_CHANGE]) VALUES (34, 4, 1, 0, N'NGUYEN VAN AD', N'ROLE (EMPLOYEE -> EMPLOYEE)   DEPARTMENT (HUMAN RESOURCE DEPT -> ACOUNTING DEPT)   ', CAST(N'2021-06-26T23:40:00' AS SmallDateTime), CAST(N'2021-06-01' AS Date))
INSERT [dbo].[RECORD] ([ID], [EMPLOYEE_ID], [DEPT_ID], [EMPLOYEE_CHANGE_ID], [EMPLOYEE_CHANGE_NAME], [CHANGE], [DATE_CHANGE], [MONTH_CHANGE]) VALUES (35, 4, 1, 0, N'HOANG QUOC TRONG', N'ROLE (MANAGER -> MANAGER)   DEPARTMENT (HUMAN RESOURCE DEPT -> HUMAN RESOURCE DEPT)   ', CAST(N'2021-06-26T23:53:00' AS SmallDateTime), CAST(N'2021-06-01' AS Date))
INSERT [dbo].[RECORD] ([ID], [EMPLOYEE_ID], [DEPT_ID], [EMPLOYEE_CHANGE_ID], [EMPLOYEE_CHANGE_NAME], [CHANGE], [DATE_CHANGE], [MONTH_CHANGE]) VALUES (36, 4, 1, 0, N'DUC TAM', N'DEPARTMENT (SOFTWARE DEPT -> QUALITY MANAGEMENT DEPT)   ', CAST(N'2021-06-26T23:56:00' AS SmallDateTime), CAST(N'2021-06-01' AS Date))
INSERT [dbo].[RECORD] ([ID], [EMPLOYEE_ID], [DEPT_ID], [EMPLOYEE_CHANGE_ID], [EMPLOYEE_CHANGE_NAME], [CHANGE], [DATE_CHANGE], [MONTH_CHANGE]) VALUES (37, 4, 1, 0, N'NGUYEN VAN ABA', N'Added Name = NGUYEN VAN ABA', CAST(N'2021-06-27T00:00:00' AS SmallDateTime), CAST(N'2021-06-01' AS Date))
INSERT [dbo].[RECORD] ([ID], [EMPLOYEE_ID], [DEPT_ID], [EMPLOYEE_CHANGE_ID], [EMPLOYEE_CHANGE_NAME], [CHANGE], [DATE_CHANGE], [MONTH_CHANGE]) VALUES (38, 4, 1, 0, N'NGUYEN VAN ABB', N'Added Name = NGUYEN VAN ABB', CAST(N'2021-06-27T00:02:00' AS SmallDateTime), CAST(N'2021-06-01' AS Date))
INSERT [dbo].[RECORD] ([ID], [EMPLOYEE_ID], [DEPT_ID], [EMPLOYEE_CHANGE_ID], [EMPLOYEE_CHANGE_NAME], [CHANGE], [DATE_CHANGE], [MONTH_CHANGE]) VALUES (39, 4, 1, 0, N'NGUYEN VAN ABC', N'Added Name = NGUYEN VAN ABC', CAST(N'2021-06-27T00:03:00' AS SmallDateTime), CAST(N'2021-06-01' AS Date))
INSERT [dbo].[RECORD] ([ID], [EMPLOYEE_ID], [DEPT_ID], [EMPLOYEE_CHANGE_ID], [EMPLOYEE_CHANGE_NAME], [CHANGE], [DATE_CHANGE], [MONTH_CHANGE]) VALUES (40, 4, 1, 0, N'NGUYEN VAN ABD', N'Added Name = NGUYEN VAN ABD', CAST(N'2021-06-27T00:04:00' AS SmallDateTime), CAST(N'2021-06-01' AS Date))
INSERT [dbo].[RECORD] ([ID], [EMPLOYEE_ID], [DEPT_ID], [EMPLOYEE_CHANGE_ID], [EMPLOYEE_CHANGE_NAME], [CHANGE], [DATE_CHANGE], [MONTH_CHANGE]) VALUES (41, 4, 1, 0, N'NGUYEN VAN ABD', N'DEPARTMENT (ACOUNTING DEPT -> SOFTWARE DEPT)   ', CAST(N'2021-06-27T00:05:00' AS SmallDateTime), CAST(N'2021-06-01' AS Date))
INSERT [dbo].[RECORD] ([ID], [EMPLOYEE_ID], [DEPT_ID], [EMPLOYEE_CHANGE_ID], [EMPLOYEE_CHANGE_NAME], [CHANGE], [DATE_CHANGE], [MONTH_CHANGE]) VALUES (42, 4, 1, 0, N'NGUYEN VAN BA', N'Added Name = NGUYEN VAN BA', CAST(N'2021-06-27T00:06:00' AS SmallDateTime), CAST(N'2021-06-01' AS Date))
INSERT [dbo].[RECORD] ([ID], [EMPLOYEE_ID], [DEPT_ID], [EMPLOYEE_CHANGE_ID], [EMPLOYEE_CHANGE_NAME], [CHANGE], [DATE_CHANGE], [MONTH_CHANGE]) VALUES (43, 4, 1, 0, N'NGUYEN VAN BB', N'Added Name = NGUYEN VAN BB', CAST(N'2021-06-27T00:07:00' AS SmallDateTime), CAST(N'2021-06-01' AS Date))
INSERT [dbo].[RECORD] ([ID], [EMPLOYEE_ID], [DEPT_ID], [EMPLOYEE_CHANGE_ID], [EMPLOYEE_CHANGE_NAME], [CHANGE], [DATE_CHANGE], [MONTH_CHANGE]) VALUES (44, 4, 1, 0, N'NGUYEN VAN BC', N'Added Name = NGUYEN VAN BC', CAST(N'2021-06-27T00:09:00' AS SmallDateTime), CAST(N'2021-06-01' AS Date))
INSERT [dbo].[RECORD] ([ID], [EMPLOYEE_ID], [DEPT_ID], [EMPLOYEE_CHANGE_ID], [EMPLOYEE_CHANGE_NAME], [CHANGE], [DATE_CHANGE], [MONTH_CHANGE]) VALUES (45, 4, 1, 0, N'NGUYEN VAN BBA', N'Added Name = NGUYEN VAN BBA', CAST(N'2021-06-27T00:12:00' AS SmallDateTime), CAST(N'2021-06-01' AS Date))
INSERT [dbo].[RECORD] ([ID], [EMPLOYEE_ID], [DEPT_ID], [EMPLOYEE_CHANGE_ID], [EMPLOYEE_CHANGE_NAME], [CHANGE], [DATE_CHANGE], [MONTH_CHANGE]) VALUES (46, 4, 1, 0, N'NGUYEN VAN BBB', N'Added Name = NGUYEN VAN BBB', CAST(N'2021-06-27T00:13:00' AS SmallDateTime), CAST(N'2021-06-01' AS Date))
INSERT [dbo].[RECORD] ([ID], [EMPLOYEE_ID], [DEPT_ID], [EMPLOYEE_CHANGE_ID], [EMPLOYEE_CHANGE_NAME], [CHANGE], [DATE_CHANGE], [MONTH_CHANGE]) VALUES (47, 4, 1, 0, N'NGUYEN VAN BBC', N'Added Name = NGUYEN VAN BBC', CAST(N'2021-06-27T00:14:00' AS SmallDateTime), CAST(N'2021-06-01' AS Date))
INSERT [dbo].[RECORD] ([ID], [EMPLOYEE_ID], [DEPT_ID], [EMPLOYEE_CHANGE_ID], [EMPLOYEE_CHANGE_NAME], [CHANGE], [DATE_CHANGE], [MONTH_CHANGE]) VALUES (48, 4, 1, 0, N'NGUYEN VAN BBD', N'Added Name = NGUYEN VAN BBD', CAST(N'2021-06-27T00:14:00' AS SmallDateTime), CAST(N'2021-06-01' AS Date))
INSERT [dbo].[RECORD] ([ID], [EMPLOYEE_ID], [DEPT_ID], [EMPLOYEE_CHANGE_ID], [EMPLOYEE_CHANGE_NAME], [CHANGE], [DATE_CHANGE], [MONTH_CHANGE]) VALUES (49, 4, 1, 0, N'NGUYEN VAN A', N'Added Name = NGUYEN VAN A', CAST(N'2021-06-27T00:15:00' AS SmallDateTime), CAST(N'2021-06-01' AS Date))
INSERT [dbo].[RECORD] ([ID], [EMPLOYEE_ID], [DEPT_ID], [EMPLOYEE_CHANGE_ID], [EMPLOYEE_CHANGE_NAME], [CHANGE], [DATE_CHANGE], [MONTH_CHANGE]) VALUES (50, 4, 1, 0, N'NGUYEN VAN B', N'Added Name = NGUYEN VAN B', CAST(N'2021-06-27T00:16:00' AS SmallDateTime), CAST(N'2021-06-01' AS Date))
INSERT [dbo].[RECORD] ([ID], [EMPLOYEE_ID], [DEPT_ID], [EMPLOYEE_CHANGE_ID], [EMPLOYEE_CHANGE_NAME], [CHANGE], [DATE_CHANGE], [MONTH_CHANGE]) VALUES (51, 4, 1, 0, N'NGUYEN VAN C', N'Added Name = NGUYEN VAN C', CAST(N'2021-06-27T00:17:00' AS SmallDateTime), CAST(N'2021-06-01' AS Date))
INSERT [dbo].[RECORD] ([ID], [EMPLOYEE_ID], [DEPT_ID], [EMPLOYEE_CHANGE_ID], [EMPLOYEE_CHANGE_NAME], [CHANGE], [DATE_CHANGE], [MONTH_CHANGE]) VALUES (52, 4, 1, 0, N'NGUYEN VAN D', N'Added Name = NGUYEN VAN D', CAST(N'2021-06-27T00:17:00' AS SmallDateTime), CAST(N'2021-06-01' AS Date))
INSERT [dbo].[RECORD] ([ID], [EMPLOYEE_ID], [DEPT_ID], [EMPLOYEE_CHANGE_ID], [EMPLOYEE_CHANGE_NAME], [CHANGE], [DATE_CHANGE], [MONTH_CHANGE]) VALUES (53, 4, 1, 0, N'DUC TAM', N'ACADEMIC LEVEL (POST DOCTOR -> Bachelor)   ', CAST(N'2021-06-27T00:17:00' AS SmallDateTime), CAST(N'2021-06-01' AS Date))
INSERT [dbo].[RECORD] ([ID], [EMPLOYEE_ID], [DEPT_ID], [EMPLOYEE_CHANGE_ID], [EMPLOYEE_CHANGE_NAME], [CHANGE], [DATE_CHANGE], [MONTH_CHANGE]) VALUES (54, 4, 1, 0, N'DUC TAM', N'ACADEMIC LEVEL (Bachelor -> Master)   ', CAST(N'2021-06-27T00:18:00' AS SmallDateTime), CAST(N'2021-06-01' AS Date))
INSERT [dbo].[RECORD] ([ID], [EMPLOYEE_ID], [DEPT_ID], [EMPLOYEE_CHANGE_ID], [EMPLOYEE_CHANGE_NAME], [CHANGE], [DATE_CHANGE], [MONTH_CHANGE]) VALUES (55, 4, 1, 0, N'CAO NGUYEN MINH QUAN', N'ACADEMIC LEVEL (BACHELOR -> Master)   ', CAST(N'2021-06-27T00:18:00' AS SmallDateTime), CAST(N'2021-06-01' AS Date))
INSERT [dbo].[RECORD] ([ID], [EMPLOYEE_ID], [DEPT_ID], [EMPLOYEE_CHANGE_ID], [EMPLOYEE_CHANGE_NAME], [CHANGE], [DATE_CHANGE], [MONTH_CHANGE]) VALUES (56, 4, 1, 0, N'HOANG QUOC TRONG', N'ACADEMIC LEVEL (BACHELOR -> Master)   ', CAST(N'2021-06-27T00:18:00' AS SmallDateTime), CAST(N'2021-06-01' AS Date))
SET IDENTITY_INSERT [dbo].[RECORD] OFF
GO
SET IDENTITY_INSERT [dbo].[ROLE] ON 

INSERT [dbo].[ROLE] ([ROLE_ID], [PERMISSION], [ROLE_NAME], [ROLE_DESC], [DEPT_ID]) VALUES (1, 2, N'MANAGER', N'Dept Manager', 1)
INSERT [dbo].[ROLE] ([ROLE_ID], [PERMISSION], [ROLE_NAME], [ROLE_DESC], [DEPT_ID]) VALUES (2, 1, N'VICE MANAGER', N'Dept Vice Manager', 1)
INSERT [dbo].[ROLE] ([ROLE_ID], [PERMISSION], [ROLE_NAME], [ROLE_DESC], [DEPT_ID]) VALUES (3, 0, N'EMPLOYEE', N'Dept Employee', 1)
INSERT [dbo].[ROLE] ([ROLE_ID], [PERMISSION], [ROLE_NAME], [ROLE_DESC], [DEPT_ID]) VALUES (4, 2, N'DIRECTOR', N'Director', 2)
INSERT [dbo].[ROLE] ([ROLE_ID], [PERMISSION], [ROLE_NAME], [ROLE_DESC], [DEPT_ID]) VALUES (5, 1, N'VICE DIRECTOR', N'Vice-Director', 2)
SET IDENTITY_INSERT [dbo].[ROLE] OFF
GO
SET IDENTITY_INSERT [dbo].[SALARY] ON 

INSERT [dbo].[SALARY] ([SALARY_ID], [EMPLOYEE_ID], [OVERTIME_SALARY], [COEFFICIENT], [BONUS], [BASIC_WAGE], [WELFARE], [TAX], [SOCIAL_INSURANCE], [HEALTH_INSURANCE], [DATE_START], [DATE_END], [TOTAL_SALARY], [NOTE], [MONTH]) VALUES (1, 1, 500000, 3.3, 4500000, 3000000, 2000000, 3000000, 600000, 260000, CAST(N'2021-02-01' AS Date), CAST(N'2021-03-01' AS Date), 14900000, N'', CAST(N'2021-02-01' AS Date))
INSERT [dbo].[SALARY] ([SALARY_ID], [EMPLOYEE_ID], [OVERTIME_SALARY], [COEFFICIENT], [BONUS], [BASIC_WAGE], [WELFARE], [TAX], [SOCIAL_INSURANCE], [HEALTH_INSURANCE], [DATE_START], [DATE_END], [TOTAL_SALARY], [NOTE], [MONTH]) VALUES (4, 1, 550000, 3.3, 6000000, 3000000, 2000000, 3000000, 500000, 260000, CAST(N'2021-03-01' AS Date), CAST(N'2021-04-01' AS Date), 17842000, N'', CAST(N'2021-02-01' AS Date))
INSERT [dbo].[SALARY] ([SALARY_ID], [EMPLOYEE_ID], [OVERTIME_SALARY], [COEFFICIENT], [BONUS], [BASIC_WAGE], [WELFARE], [TAX], [SOCIAL_INSURANCE], [HEALTH_INSURANCE], [DATE_START], [DATE_END], [TOTAL_SALARY], [NOTE], [MONTH]) VALUES (6, 1, 600000, 3.3, 5500000, 3000000, 2000000, 3000000, 500000, 260000, CAST(N'2021-04-01' AS Date), CAST(N'2021-05-01' AS Date), 17721000, N'', CAST(N'2021-02-01' AS Date))
INSERT [dbo].[SALARY] ([SALARY_ID], [EMPLOYEE_ID], [OVERTIME_SALARY], [COEFFICIENT], [BONUS], [BASIC_WAGE], [WELFARE], [TAX], [SOCIAL_INSURANCE], [HEALTH_INSURANCE], [DATE_START], [DATE_END], [TOTAL_SALARY], [NOTE], [MONTH]) VALUES (7, 2, 500000, 2.5, 300000, 2500000, 1500000, 2500000, 500000, 260000, CAST(N'2021-02-01' AS Date), CAST(N'2021-03-01' AS Date), 6055000, N'', CAST(N'2021-02-01' AS Date))
INSERT [dbo].[SALARY] ([SALARY_ID], [EMPLOYEE_ID], [OVERTIME_SALARY], [COEFFICIENT], [BONUS], [BASIC_WAGE], [WELFARE], [TAX], [SOCIAL_INSURANCE], [HEALTH_INSURANCE], [DATE_START], [DATE_END], [TOTAL_SALARY], [NOTE], [MONTH]) VALUES (8, 2, 550000, 2.5, 350000, 2500000, 1500000, 2500000, 500000, 260000, CAST(N'2021-03-01' AS Date), CAST(N'2021-04-01' AS Date), 6490000, N'', CAST(N'2021-03-01' AS Date))
INSERT [dbo].[SALARY] ([SALARY_ID], [EMPLOYEE_ID], [OVERTIME_SALARY], [COEFFICIENT], [BONUS], [BASIC_WAGE], [WELFARE], [TAX], [SOCIAL_INSURANCE], [HEALTH_INSURANCE], [DATE_START], [DATE_END], [TOTAL_SALARY], [NOTE], [MONTH]) VALUES (9, 2, 600000, 2.5, 3700000, 2500000, 1500000, 2500000, 500000, 260000, CAST(N'2021-04-01' AS Date), CAST(N'2021-05-01' AS Date), 9990000, N'', CAST(N'2021-03-01' AS Date))
INSERT [dbo].[SALARY] ([SALARY_ID], [EMPLOYEE_ID], [OVERTIME_SALARY], [COEFFICIENT], [BONUS], [BASIC_WAGE], [WELFARE], [TAX], [SOCIAL_INSURANCE], [HEALTH_INSURANCE], [DATE_START], [DATE_END], [TOTAL_SALARY], [NOTE], [MONTH]) VALUES (10, 3, 500000, 3.5, 700000, 3500000, 2500000, 3500000, 500000, 260000, CAST(N'2021-02-01' AS Date), CAST(N'2021-03-01' AS Date), 7167000, N'', CAST(N'2021-03-01' AS Date))
INSERT [dbo].[SALARY] ([SALARY_ID], [EMPLOYEE_ID], [OVERTIME_SALARY], [COEFFICIENT], [BONUS], [BASIC_WAGE], [WELFARE], [TAX], [SOCIAL_INSURANCE], [HEALTH_INSURANCE], [DATE_START], [DATE_END], [TOTAL_SALARY], [NOTE], [MONTH]) VALUES (11, 3, 550000, 3.5, 740000, 3500000, 2500000, 3500000, 500000, 260000, CAST(N'2021-03-01' AS Date), CAST(N'2021-04-01' AS Date), 8870000, N'', CAST(N'2021-03-01' AS Date))
INSERT [dbo].[SALARY] ([SALARY_ID], [EMPLOYEE_ID], [OVERTIME_SALARY], [COEFFICIENT], [BONUS], [BASIC_WAGE], [WELFARE], [TAX], [SOCIAL_INSURANCE], [HEALTH_INSURANCE], [DATE_START], [DATE_END], [TOTAL_SALARY], [NOTE], [MONTH]) VALUES (12, 3, 600000, 3.5, 780000, 3500000, 2500000, 3500000, 500000, 260000, CAST(N'2021-04-01' AS Date), CAST(N'2021-05-01' AS Date), 9858000, N'', CAST(N'2021-04-01' AS Date))
INSERT [dbo].[SALARY] ([SALARY_ID], [EMPLOYEE_ID], [OVERTIME_SALARY], [COEFFICIENT], [BONUS], [BASIC_WAGE], [WELFARE], [TAX], [SOCIAL_INSURANCE], [HEALTH_INSURANCE], [DATE_START], [DATE_END], [TOTAL_SALARY], [NOTE], [MONTH]) VALUES (13, 4, 500000, 2.5, 300000, 2500000, 1500000, 2500000, 500000, 260000, CAST(N'2021-02-01' AS Date), CAST(N'2021-03-01' AS Date), 4585000, N'', CAST(N'2021-04-01' AS Date))
INSERT [dbo].[SALARY] ([SALARY_ID], [EMPLOYEE_ID], [OVERTIME_SALARY], [COEFFICIENT], [BONUS], [BASIC_WAGE], [WELFARE], [TAX], [SOCIAL_INSURANCE], [HEALTH_INSURANCE], [DATE_START], [DATE_END], [TOTAL_SALARY], [NOTE], [MONTH]) VALUES (14, 4, 550000, 2.5, 340000, 2500000, 1500000, 2500000, 500000, 260000, CAST(N'2021-03-01' AS Date), CAST(N'2021-04-01' AS Date), 5310000, N'', CAST(N'2021-04-01' AS Date))
INSERT [dbo].[SALARY] ([SALARY_ID], [EMPLOYEE_ID], [OVERTIME_SALARY], [COEFFICIENT], [BONUS], [BASIC_WAGE], [WELFARE], [TAX], [SOCIAL_INSURANCE], [HEALTH_INSURANCE], [DATE_START], [DATE_END], [TOTAL_SALARY], [NOTE], [MONTH]) VALUES (15, 4, 600000, 2.5, 3600000, 2500000, 1500000, 2500000, 500000, 260000, CAST(N'2021-04-01' AS Date), CAST(N'2021-05-01' AS Date), 8937000, N'', CAST(N'2021-04-01' AS Date))
INSERT [dbo].[SALARY] ([SALARY_ID], [EMPLOYEE_ID], [OVERTIME_SALARY], [COEFFICIENT], [BONUS], [BASIC_WAGE], [WELFARE], [TAX], [SOCIAL_INSURANCE], [HEALTH_INSURANCE], [DATE_START], [DATE_END], [TOTAL_SALARY], [NOTE], [MONTH]) VALUES (16, 1, 400000, 3.3, 100000, 3000000, 0, 0, 100000, 200000, CAST(N'2021-05-01' AS Date), CAST(N'2021-06-01' AS Date), -200000, N'UPDATE', CAST(N'2021-05-01' AS Date))
INSERT [dbo].[SALARY] ([SALARY_ID], [EMPLOYEE_ID], [OVERTIME_SALARY], [COEFFICIENT], [BONUS], [BASIC_WAGE], [WELFARE], [TAX], [SOCIAL_INSURANCE], [HEALTH_INSURANCE], [DATE_START], [DATE_END], [TOTAL_SALARY], [NOTE], [MONTH]) VALUES (17, 2, 400000, 2.5, 0, 2500000, 0, 0, 0, 0, CAST(N'2021-05-01' AS Date), CAST(N'2021-06-01' AS Date), 0, N'', CAST(N'2021-05-01' AS Date))
INSERT [dbo].[SALARY] ([SALARY_ID], [EMPLOYEE_ID], [OVERTIME_SALARY], [COEFFICIENT], [BONUS], [BASIC_WAGE], [WELFARE], [TAX], [SOCIAL_INSURANCE], [HEALTH_INSURANCE], [DATE_START], [DATE_END], [TOTAL_SALARY], [NOTE], [MONTH]) VALUES (18, 3, 400000, 3.5, 0, 3500000, 0, 0, 0, 0, CAST(N'2021-05-01' AS Date), CAST(N'2021-06-01' AS Date), 0, N'', CAST(N'2021-05-01' AS Date))
INSERT [dbo].[SALARY] ([SALARY_ID], [EMPLOYEE_ID], [OVERTIME_SALARY], [COEFFICIENT], [BONUS], [BASIC_WAGE], [WELFARE], [TAX], [SOCIAL_INSURANCE], [HEALTH_INSURANCE], [DATE_START], [DATE_END], [TOTAL_SALARY], [NOTE], [MONTH]) VALUES (19, 4, 400000, 2.5, 0, 2500000, 0, 0, 0, 0, CAST(N'2021-05-01' AS Date), CAST(N'2021-06-01' AS Date), 0, N'', CAST(N'2021-05-01' AS Date))
INSERT [dbo].[SALARY] ([SALARY_ID], [EMPLOYEE_ID], [OVERTIME_SALARY], [COEFFICIENT], [BONUS], [BASIC_WAGE], [WELFARE], [TAX], [SOCIAL_INSURANCE], [HEALTH_INSURANCE], [DATE_START], [DATE_END], [TOTAL_SALARY], [NOTE], [MONTH]) VALUES (21, 1, 400000, 3.3, 0, 3000000, 0, 0, 0, 0, CAST(N'2021-06-01' AS Date), CAST(N'2021-06-30' AS Date), 0, N'', CAST(N'2021-06-01' AS Date))
INSERT [dbo].[SALARY] ([SALARY_ID], [EMPLOYEE_ID], [OVERTIME_SALARY], [COEFFICIENT], [BONUS], [BASIC_WAGE], [WELFARE], [TAX], [SOCIAL_INSURANCE], [HEALTH_INSURANCE], [DATE_START], [DATE_END], [TOTAL_SALARY], [NOTE], [MONTH]) VALUES (22, 2, 400000, 2.5, 0, 2500000, 0, 0, 0, 0, CAST(N'2021-06-01' AS Date), CAST(N'2021-06-30' AS Date), 0, N'', CAST(N'2021-06-01' AS Date))
INSERT [dbo].[SALARY] ([SALARY_ID], [EMPLOYEE_ID], [OVERTIME_SALARY], [COEFFICIENT], [BONUS], [BASIC_WAGE], [WELFARE], [TAX], [SOCIAL_INSURANCE], [HEALTH_INSURANCE], [DATE_START], [DATE_END], [TOTAL_SALARY], [NOTE], [MONTH]) VALUES (23, 3, 400000, 3.5, 0, 3500000, 0, 0, 0, 0, CAST(N'2021-06-01' AS Date), CAST(N'2021-06-30' AS Date), 0, N'', CAST(N'2021-06-01' AS Date))
INSERT [dbo].[SALARY] ([SALARY_ID], [EMPLOYEE_ID], [OVERTIME_SALARY], [COEFFICIENT], [BONUS], [BASIC_WAGE], [WELFARE], [TAX], [SOCIAL_INSURANCE], [HEALTH_INSURANCE], [DATE_START], [DATE_END], [TOTAL_SALARY], [NOTE], [MONTH]) VALUES (24, 4, 400000, 2.5, 0, 2500000, 0, 0, 0, 0, CAST(N'2021-06-01' AS Date), CAST(N'2021-06-30' AS Date), 0, N'', CAST(N'2021-06-01' AS Date))
INSERT [dbo].[SALARY] ([SALARY_ID], [EMPLOYEE_ID], [OVERTIME_SALARY], [COEFFICIENT], [BONUS], [BASIC_WAGE], [WELFARE], [TAX], [SOCIAL_INSURANCE], [HEALTH_INSURANCE], [DATE_START], [DATE_END], [TOTAL_SALARY], [NOTE], [MONTH]) VALUES (25, 6, 400000, 0.3, 0, 300000, 0, 0, 0, 0, CAST(N'2021-06-02' AS Date), CAST(N'2021-07-01' AS Date), 0, N'FDF', CAST(N'2021-06-01' AS Date))
INSERT [dbo].[SALARY] ([SALARY_ID], [EMPLOYEE_ID], [OVERTIME_SALARY], [COEFFICIENT], [BONUS], [BASIC_WAGE], [WELFARE], [TAX], [SOCIAL_INSURANCE], [HEALTH_INSURANCE], [DATE_START], [DATE_END], [TOTAL_SALARY], [NOTE], [MONTH]) VALUES (26, 7, 23432, 0.4, 0, 23243, 0, 0, 0, 0, CAST(N'2021-06-16' AS Date), CAST(N'2021-07-01' AS Date), NULL, N'232', CAST(N'2021-06-01' AS Date))
INSERT [dbo].[SALARY] ([SALARY_ID], [EMPLOYEE_ID], [OVERTIME_SALARY], [COEFFICIENT], [BONUS], [BASIC_WAGE], [WELFARE], [TAX], [SOCIAL_INSURANCE], [HEALTH_INSURANCE], [DATE_START], [DATE_END], [TOTAL_SALARY], [NOTE], [MONTH]) VALUES (27, 8, 100000, 0.3, 0, 3221110, 0, 0, 0, 0, CAST(N'2021-06-26' AS Date), CAST(N'2021-07-01' AS Date), 0, N'', CAST(N'2021-06-01' AS Date))
INSERT [dbo].[SALARY] ([SALARY_ID], [EMPLOYEE_ID], [OVERTIME_SALARY], [COEFFICIENT], [BONUS], [BASIC_WAGE], [WELFARE], [TAX], [SOCIAL_INSURANCE], [HEALTH_INSURANCE], [DATE_START], [DATE_END], [TOTAL_SALARY], [NOTE], [MONTH]) VALUES (28, 9, 2342350, 0.6, 0, 232432, 0, 0, 0, 0, CAST(N'2021-06-26' AS Date), CAST(N'2021-07-01' AS Date), 0, N'', CAST(N'2021-06-01' AS Date))
INSERT [dbo].[SALARY] ([SALARY_ID], [EMPLOYEE_ID], [OVERTIME_SALARY], [COEFFICIENT], [BONUS], [BASIC_WAGE], [WELFARE], [TAX], [SOCIAL_INSURANCE], [HEALTH_INSURANCE], [DATE_START], [DATE_END], [TOTAL_SALARY], [NOTE], [MONTH]) VALUES (29, 10, 123124, 0.4, 0, 213214, 0, 0, 0, 0, CAST(N'2021-06-26' AS Date), CAST(N'2021-07-01' AS Date), 0, N'', CAST(N'2021-06-01' AS Date))
INSERT [dbo].[SALARY] ([SALARY_ID], [EMPLOYEE_ID], [OVERTIME_SALARY], [COEFFICIENT], [BONUS], [BASIC_WAGE], [WELFARE], [TAX], [SOCIAL_INSURANCE], [HEALTH_INSURANCE], [DATE_START], [DATE_END], [TOTAL_SALARY], [NOTE], [MONTH]) VALUES (30, 11, 23413, 0.4, 0, 235234, 0, 0, 0, 0, CAST(N'2021-06-26' AS Date), CAST(N'2021-07-01' AS Date), 0, N'', CAST(N'2021-06-01' AS Date))
INSERT [dbo].[SALARY] ([SALARY_ID], [EMPLOYEE_ID], [OVERTIME_SALARY], [COEFFICIENT], [BONUS], [BASIC_WAGE], [WELFARE], [TAX], [SOCIAL_INSURANCE], [HEALTH_INSURANCE], [DATE_START], [DATE_END], [TOTAL_SALARY], [NOTE], [MONTH]) VALUES (31, 12, 122322, 0.4, 0, 4331231, 0, 0, 0, 0, CAST(N'2021-06-26' AS Date), CAST(N'2021-07-01' AS Date), 0, N'', CAST(N'2021-06-01' AS Date))
INSERT [dbo].[SALARY] ([SALARY_ID], [EMPLOYEE_ID], [OVERTIME_SALARY], [COEFFICIENT], [BONUS], [BASIC_WAGE], [WELFARE], [TAX], [SOCIAL_INSURANCE], [HEALTH_INSURANCE], [DATE_START], [DATE_END], [TOTAL_SALARY], [NOTE], [MONTH]) VALUES (32, 13, 323, 0.4, 0, 45345, 0, 0, 0, 0, CAST(N'2021-06-26' AS Date), CAST(N'2021-07-01' AS Date), 0, N'', CAST(N'2021-06-01' AS Date))
INSERT [dbo].[SALARY] ([SALARY_ID], [EMPLOYEE_ID], [OVERTIME_SALARY], [COEFFICIENT], [BONUS], [BASIC_WAGE], [WELFARE], [TAX], [SOCIAL_INSURANCE], [HEALTH_INSURANCE], [DATE_START], [DATE_END], [TOTAL_SALARY], [NOTE], [MONTH]) VALUES (33, 14, 2342, 1.6, 0, 3425654, 0, 0, 0, 0, CAST(N'2021-06-26' AS Date), CAST(N'2021-07-01' AS Date), 0, N'', CAST(N'2021-06-01' AS Date))
INSERT [dbo].[SALARY] ([SALARY_ID], [EMPLOYEE_ID], [OVERTIME_SALARY], [COEFFICIENT], [BONUS], [BASIC_WAGE], [WELFARE], [TAX], [SOCIAL_INSURANCE], [HEALTH_INSURANCE], [DATE_START], [DATE_END], [TOTAL_SALARY], [NOTE], [MONTH]) VALUES (34, 15, 346, 0.4, 0, 3543, 0, 0, 0, 0, CAST(N'2021-06-26' AS Date), CAST(N'2021-07-01' AS Date), 0, N'', CAST(N'2021-06-01' AS Date))
INSERT [dbo].[SALARY] ([SALARY_ID], [EMPLOYEE_ID], [OVERTIME_SALARY], [COEFFICIENT], [BONUS], [BASIC_WAGE], [WELFARE], [TAX], [SOCIAL_INSURANCE], [HEALTH_INSURANCE], [DATE_START], [DATE_END], [TOTAL_SALARY], [NOTE], [MONTH]) VALUES (35, 16, 23423, 0.5, 0, 345, 0, 0, 0, 0, CAST(N'2021-06-27' AS Date), CAST(N'2021-07-01' AS Date), 0, N'', CAST(N'2021-06-01' AS Date))
INSERT [dbo].[SALARY] ([SALARY_ID], [EMPLOYEE_ID], [OVERTIME_SALARY], [COEFFICIENT], [BONUS], [BASIC_WAGE], [WELFARE], [TAX], [SOCIAL_INSURANCE], [HEALTH_INSURANCE], [DATE_START], [DATE_END], [TOTAL_SALARY], [NOTE], [MONTH]) VALUES (36, 18, 10203, 0.5, 0, 1000000, 0, 0, 0, 0, CAST(N'2021-06-27' AS Date), CAST(N'2021-07-01' AS Date), 0, N'', CAST(N'2021-06-01' AS Date))
INSERT [dbo].[SALARY] ([SALARY_ID], [EMPLOYEE_ID], [OVERTIME_SALARY], [COEFFICIENT], [BONUS], [BASIC_WAGE], [WELFARE], [TAX], [SOCIAL_INSURANCE], [HEALTH_INSURANCE], [DATE_START], [DATE_END], [TOTAL_SALARY], [NOTE], [MONTH]) VALUES (37, 19, 124144, 0.8, 0, 2323445, 0, 0, 0, 0, CAST(N'2021-06-27' AS Date), CAST(N'2021-07-01' AS Date), 0, N'', CAST(N'2021-06-01' AS Date))
INSERT [dbo].[SALARY] ([SALARY_ID], [EMPLOYEE_ID], [OVERTIME_SALARY], [COEFFICIENT], [BONUS], [BASIC_WAGE], [WELFARE], [TAX], [SOCIAL_INSURANCE], [HEALTH_INSURANCE], [DATE_START], [DATE_END], [TOTAL_SALARY], [NOTE], [MONTH]) VALUES (38, 20, 21455, 0.5, 0, 241230, 0, 0, 0, 0, CAST(N'2021-06-27' AS Date), CAST(N'2021-07-01' AS Date), 0, N'', CAST(N'2021-06-01' AS Date))
INSERT [dbo].[SALARY] ([SALARY_ID], [EMPLOYEE_ID], [OVERTIME_SALARY], [COEFFICIENT], [BONUS], [BASIC_WAGE], [WELFARE], [TAX], [SOCIAL_INSURANCE], [HEALTH_INSURANCE], [DATE_START], [DATE_END], [TOTAL_SALARY], [NOTE], [MONTH]) VALUES (39, 21, 232453, 0.9, 0, 3242355, 0, 0, 0, 0, CAST(N'2021-06-27' AS Date), CAST(N'2021-07-01' AS Date), 0, N'', CAST(N'2021-06-01' AS Date))
INSERT [dbo].[SALARY] ([SALARY_ID], [EMPLOYEE_ID], [OVERTIME_SALARY], [COEFFICIENT], [BONUS], [BASIC_WAGE], [WELFARE], [TAX], [SOCIAL_INSURANCE], [HEALTH_INSURANCE], [DATE_START], [DATE_END], [TOTAL_SALARY], [NOTE], [MONTH]) VALUES (40, 22, 125122, 0.6, 0, 5213124, 0, 0, 0, 0, CAST(N'2021-06-27' AS Date), CAST(N'2021-07-01' AS Date), 0, N'', CAST(N'2021-06-01' AS Date))
INSERT [dbo].[SALARY] ([SALARY_ID], [EMPLOYEE_ID], [OVERTIME_SALARY], [COEFFICIENT], [BONUS], [BASIC_WAGE], [WELFARE], [TAX], [SOCIAL_INSURANCE], [HEALTH_INSURANCE], [DATE_START], [DATE_END], [TOTAL_SALARY], [NOTE], [MONTH]) VALUES (41, 23, 235302, 0.4, 0, 25523052, 0, 0, 0, 0, CAST(N'2021-06-27' AS Date), CAST(N'2021-07-01' AS Date), 0, N'', CAST(N'2021-06-01' AS Date))
INSERT [dbo].[SALARY] ([SALARY_ID], [EMPLOYEE_ID], [OVERTIME_SALARY], [COEFFICIENT], [BONUS], [BASIC_WAGE], [WELFARE], [TAX], [SOCIAL_INSURANCE], [HEALTH_INSURANCE], [DATE_START], [DATE_END], [TOTAL_SALARY], [NOTE], [MONTH]) VALUES (42, 25, 124124, 0.5, 0, 24123452, 0, 0, 0, 0, CAST(N'2021-06-27' AS Date), CAST(N'2021-07-01' AS Date), 0, N'', CAST(N'2021-06-01' AS Date))
INSERT [dbo].[SALARY] ([SALARY_ID], [EMPLOYEE_ID], [OVERTIME_SALARY], [COEFFICIENT], [BONUS], [BASIC_WAGE], [WELFARE], [TAX], [SOCIAL_INSURANCE], [HEALTH_INSURANCE], [DATE_START], [DATE_END], [TOTAL_SALARY], [NOTE], [MONTH]) VALUES (43, 26, 234238, 0.5, 0, 3642734, 0, 0, 0, 0, CAST(N'2021-06-27' AS Date), CAST(N'2021-07-01' AS Date), 0, N'', CAST(N'2021-06-01' AS Date))
INSERT [dbo].[SALARY] ([SALARY_ID], [EMPLOYEE_ID], [OVERTIME_SALARY], [COEFFICIENT], [BONUS], [BASIC_WAGE], [WELFARE], [TAX], [SOCIAL_INSURANCE], [HEALTH_INSURANCE], [DATE_START], [DATE_END], [TOTAL_SALARY], [NOTE], [MONTH]) VALUES (44, 27, 123124, 0.6, 0, 2412123, 0, 0, 0, 0, CAST(N'2021-06-27' AS Date), CAST(N'2021-07-01' AS Date), 0, N'', CAST(N'2021-06-01' AS Date))
INSERT [dbo].[SALARY] ([SALARY_ID], [EMPLOYEE_ID], [OVERTIME_SALARY], [COEFFICIENT], [BONUS], [BASIC_WAGE], [WELFARE], [TAX], [SOCIAL_INSURANCE], [HEALTH_INSURANCE], [DATE_START], [DATE_END], [TOTAL_SALARY], [NOTE], [MONTH]) VALUES (45, 28, 121234, 0.6, 0, 2412445, 0, 0, 0, 0, CAST(N'2021-06-27' AS Date), CAST(N'2021-07-01' AS Date), 0, N'', CAST(N'2021-06-01' AS Date))
INSERT [dbo].[SALARY] ([SALARY_ID], [EMPLOYEE_ID], [OVERTIME_SALARY], [COEFFICIENT], [BONUS], [BASIC_WAGE], [WELFARE], [TAX], [SOCIAL_INSURANCE], [HEALTH_INSURANCE], [DATE_START], [DATE_END], [TOTAL_SALARY], [NOTE], [MONTH]) VALUES (46, 29, 421230, 0.5, 0, 5152131, 0, 0, 0, 0, CAST(N'2021-06-27' AS Date), CAST(N'2021-07-01' AS Date), 0, N'', CAST(N'2021-06-01' AS Date))
INSERT [dbo].[SALARY] ([SALARY_ID], [EMPLOYEE_ID], [OVERTIME_SALARY], [COEFFICIENT], [BONUS], [BASIC_WAGE], [WELFARE], [TAX], [SOCIAL_INSURANCE], [HEALTH_INSURANCE], [DATE_START], [DATE_END], [TOTAL_SALARY], [NOTE], [MONTH]) VALUES (47, 30, 126372, 0.6, 0, 4364723, 0, 0, 0, 0, CAST(N'2021-06-27' AS Date), CAST(N'2021-07-01' AS Date), 0, N'', CAST(N'2021-06-01' AS Date))
INSERT [dbo].[SALARY] ([SALARY_ID], [EMPLOYEE_ID], [OVERTIME_SALARY], [COEFFICIENT], [BONUS], [BASIC_WAGE], [WELFARE], [TAX], [SOCIAL_INSURANCE], [HEALTH_INSURANCE], [DATE_START], [DATE_END], [TOTAL_SALARY], [NOTE], [MONTH]) VALUES (48, 31, 237463, 0.8, 0, 2347322, 0, 0, 0, 0, CAST(N'2021-06-27' AS Date), CAST(N'2021-07-01' AS Date), 0, N'', CAST(N'2021-06-01' AS Date))
INSERT [dbo].[SALARY] ([SALARY_ID], [EMPLOYEE_ID], [OVERTIME_SALARY], [COEFFICIENT], [BONUS], [BASIC_WAGE], [WELFARE], [TAX], [SOCIAL_INSURANCE], [HEALTH_INSURANCE], [DATE_START], [DATE_END], [TOTAL_SALARY], [NOTE], [MONTH]) VALUES (49, 32, 232142, 0.5, 0, 2141235, 0, 0, 0, 0, CAST(N'2021-06-27' AS Date), CAST(N'2021-07-01' AS Date), 0, N'', CAST(N'2021-06-01' AS Date))
SET IDENTITY_INSERT [dbo].[SALARY] OFF
GO
SET IDENTITY_INSERT [dbo].[TIMEKEEPING] ON 

INSERT [dbo].[TIMEKEEPING] ([TIMEKEEPING_ID], [EMPLOYEE_ID], [NUMBER_OF_WORK_DAY], [NUMBER_OF_ABSENT_DAY], [NUMBER_OF_OVERTIME_DAY], [NUMBER_OF_STANDARD_DAY], [DATE_START], [DATE_END], [MONTH]) VALUES (1, 1, 17, 0, 4, NULL, CAST(N'2021-02-01' AS Date), CAST(N'2021-03-01' AS Date), CAST(N'2021-02-01' AS Date))
INSERT [dbo].[TIMEKEEPING] ([TIMEKEEPING_ID], [EMPLOYEE_ID], [NUMBER_OF_WORK_DAY], [NUMBER_OF_ABSENT_DAY], [NUMBER_OF_OVERTIME_DAY], [NUMBER_OF_STANDARD_DAY], [DATE_START], [DATE_END], [MONTH]) VALUES (2, 2, 16, 1, 3, NULL, CAST(N'2021-02-01' AS Date), CAST(N'2021-03-01' AS Date), CAST(N'2021-02-01' AS Date))
INSERT [dbo].[TIMEKEEPING] ([TIMEKEEPING_ID], [EMPLOYEE_ID], [NUMBER_OF_WORK_DAY], [NUMBER_OF_ABSENT_DAY], [NUMBER_OF_OVERTIME_DAY], [NUMBER_OF_STANDARD_DAY], [DATE_START], [DATE_END], [MONTH]) VALUES (3, 3, 12, 4, 0, NULL, CAST(N'2021-02-01' AS Date), CAST(N'2021-03-01' AS Date), CAST(N'2021-02-01' AS Date))
INSERT [dbo].[TIMEKEEPING] ([TIMEKEEPING_ID], [EMPLOYEE_ID], [NUMBER_OF_WORK_DAY], [NUMBER_OF_ABSENT_DAY], [NUMBER_OF_OVERTIME_DAY], [NUMBER_OF_STANDARD_DAY], [DATE_START], [DATE_END], [MONTH]) VALUES (4, 4, 15, 2, 1, NULL, CAST(N'2021-02-01' AS Date), CAST(N'2021-03-01' AS Date), CAST(N'2021-02-01' AS Date))
INSERT [dbo].[TIMEKEEPING] ([TIMEKEEPING_ID], [EMPLOYEE_ID], [NUMBER_OF_WORK_DAY], [NUMBER_OF_ABSENT_DAY], [NUMBER_OF_OVERTIME_DAY], [NUMBER_OF_STANDARD_DAY], [DATE_START], [DATE_END], [MONTH]) VALUES (5, 1, 27, 0, 5, NULL, CAST(N'2021-03-01' AS Date), CAST(N'2021-04-01' AS Date), CAST(N'2021-03-01' AS Date))
INSERT [dbo].[TIMEKEEPING] ([TIMEKEEPING_ID], [EMPLOYEE_ID], [NUMBER_OF_WORK_DAY], [NUMBER_OF_ABSENT_DAY], [NUMBER_OF_OVERTIME_DAY], [NUMBER_OF_STANDARD_DAY], [DATE_START], [DATE_END], [MONTH]) VALUES (6, 2, 25, 2, 3, NULL, CAST(N'2021-03-01' AS Date), CAST(N'2021-04-01' AS Date), CAST(N'2021-03-01' AS Date))
INSERT [dbo].[TIMEKEEPING] ([TIMEKEEPING_ID], [EMPLOYEE_ID], [NUMBER_OF_WORK_DAY], [NUMBER_OF_ABSENT_DAY], [NUMBER_OF_OVERTIME_DAY], [NUMBER_OF_STANDARD_DAY], [DATE_START], [DATE_END], [MONTH]) VALUES (7, 3, 21, 6, 0, NULL, CAST(N'2021-03-01' AS Date), CAST(N'2021-04-01' AS Date), CAST(N'2021-03-01' AS Date))
INSERT [dbo].[TIMEKEEPING] ([TIMEKEEPING_ID], [EMPLOYEE_ID], [NUMBER_OF_WORK_DAY], [NUMBER_OF_ABSENT_DAY], [NUMBER_OF_OVERTIME_DAY], [NUMBER_OF_STANDARD_DAY], [DATE_START], [DATE_END], [MONTH]) VALUES (8, 4, 23, 4, 2, NULL, CAST(N'2021-03-01' AS Date), CAST(N'2021-04-01' AS Date), CAST(N'2021-03-01' AS Date))
INSERT [dbo].[TIMEKEEPING] ([TIMEKEEPING_ID], [EMPLOYEE_ID], [NUMBER_OF_WORK_DAY], [NUMBER_OF_ABSENT_DAY], [NUMBER_OF_OVERTIME_DAY], [NUMBER_OF_STANDARD_DAY], [DATE_START], [DATE_END], [MONTH]) VALUES (9, 1, 24, 0, 5, NULL, CAST(N'2021-04-01' AS Date), CAST(N'2021-05-01' AS Date), CAST(N'2021-04-01' AS Date))
INSERT [dbo].[TIMEKEEPING] ([TIMEKEEPING_ID], [EMPLOYEE_ID], [NUMBER_OF_WORK_DAY], [NUMBER_OF_ABSENT_DAY], [NUMBER_OF_OVERTIME_DAY], [NUMBER_OF_STANDARD_DAY], [DATE_START], [DATE_END], [MONTH]) VALUES (10, 2, 22, 2, 3, NULL, CAST(N'2021-04-01' AS Date), CAST(N'2021-05-01' AS Date), CAST(N'2021-04-01' AS Date))
INSERT [dbo].[TIMEKEEPING] ([TIMEKEEPING_ID], [EMPLOYEE_ID], [NUMBER_OF_WORK_DAY], [NUMBER_OF_ABSENT_DAY], [NUMBER_OF_OVERTIME_DAY], [NUMBER_OF_STANDARD_DAY], [DATE_START], [DATE_END], [MONTH]) VALUES (11, 3, 19, 5, 1, NULL, CAST(N'2021-04-01' AS Date), CAST(N'2021-05-01' AS Date), CAST(N'2021-04-01' AS Date))
INSERT [dbo].[TIMEKEEPING] ([TIMEKEEPING_ID], [EMPLOYEE_ID], [NUMBER_OF_WORK_DAY], [NUMBER_OF_ABSENT_DAY], [NUMBER_OF_OVERTIME_DAY], [NUMBER_OF_STANDARD_DAY], [DATE_START], [DATE_END], [MONTH]) VALUES (12, 4, 21, 3, 2, NULL, CAST(N'2021-04-01' AS Date), CAST(N'2021-05-01' AS Date), CAST(N'2021-04-01' AS Date))
INSERT [dbo].[TIMEKEEPING] ([TIMEKEEPING_ID], [EMPLOYEE_ID], [NUMBER_OF_WORK_DAY], [NUMBER_OF_ABSENT_DAY], [NUMBER_OF_OVERTIME_DAY], [NUMBER_OF_STANDARD_DAY], [DATE_START], [DATE_END], [MONTH]) VALUES (14, 1, 0, 0, 0, NULL, CAST(N'2021-05-01' AS Date), CAST(N'2021-06-01' AS Date), CAST(N'2021-05-01' AS Date))
INSERT [dbo].[TIMEKEEPING] ([TIMEKEEPING_ID], [EMPLOYEE_ID], [NUMBER_OF_WORK_DAY], [NUMBER_OF_ABSENT_DAY], [NUMBER_OF_OVERTIME_DAY], [NUMBER_OF_STANDARD_DAY], [DATE_START], [DATE_END], [MONTH]) VALUES (15, 2, 0, 0, 0, NULL, CAST(N'2021-05-01' AS Date), CAST(N'2021-06-01' AS Date), CAST(N'2021-05-01' AS Date))
INSERT [dbo].[TIMEKEEPING] ([TIMEKEEPING_ID], [EMPLOYEE_ID], [NUMBER_OF_WORK_DAY], [NUMBER_OF_ABSENT_DAY], [NUMBER_OF_OVERTIME_DAY], [NUMBER_OF_STANDARD_DAY], [DATE_START], [DATE_END], [MONTH]) VALUES (16, 3, 0, 0, 0, NULL, CAST(N'2021-05-01' AS Date), CAST(N'2021-06-01' AS Date), CAST(N'2021-05-01' AS Date))
INSERT [dbo].[TIMEKEEPING] ([TIMEKEEPING_ID], [EMPLOYEE_ID], [NUMBER_OF_WORK_DAY], [NUMBER_OF_ABSENT_DAY], [NUMBER_OF_OVERTIME_DAY], [NUMBER_OF_STANDARD_DAY], [DATE_START], [DATE_END], [MONTH]) VALUES (17, 4, 0, 0, 0, NULL, CAST(N'2021-05-01' AS Date), CAST(N'2021-06-01' AS Date), CAST(N'2021-05-01' AS Date))
INSERT [dbo].[TIMEKEEPING] ([TIMEKEEPING_ID], [EMPLOYEE_ID], [NUMBER_OF_WORK_DAY], [NUMBER_OF_ABSENT_DAY], [NUMBER_OF_OVERTIME_DAY], [NUMBER_OF_STANDARD_DAY], [DATE_START], [DATE_END], [MONTH]) VALUES (28, 2, 0, 24, 0, 24, CAST(N'2021-06-16' AS Date), CAST(N'2021-06-30' AS Date), CAST(N'2021-06-01' AS Date))
INSERT [dbo].[TIMEKEEPING] ([TIMEKEEPING_ID], [EMPLOYEE_ID], [NUMBER_OF_WORK_DAY], [NUMBER_OF_ABSENT_DAY], [NUMBER_OF_OVERTIME_DAY], [NUMBER_OF_STANDARD_DAY], [DATE_START], [DATE_END], [MONTH]) VALUES (29, 3, 0, 24, 0, 24, CAST(N'2021-06-16' AS Date), CAST(N'2021-06-30' AS Date), CAST(N'2021-06-01' AS Date))
INSERT [dbo].[TIMEKEEPING] ([TIMEKEEPING_ID], [EMPLOYEE_ID], [NUMBER_OF_WORK_DAY], [NUMBER_OF_ABSENT_DAY], [NUMBER_OF_OVERTIME_DAY], [NUMBER_OF_STANDARD_DAY], [DATE_START], [DATE_END], [MONTH]) VALUES (31, 6, 0, 24, 0, 24, CAST(N'2021-06-16' AS Date), CAST(N'2021-06-30' AS Date), CAST(N'2021-06-01' AS Date))
INSERT [dbo].[TIMEKEEPING] ([TIMEKEEPING_ID], [EMPLOYEE_ID], [NUMBER_OF_WORK_DAY], [NUMBER_OF_ABSENT_DAY], [NUMBER_OF_OVERTIME_DAY], [NUMBER_OF_STANDARD_DAY], [DATE_START], [DATE_END], [MONTH]) VALUES (33, 7, 0.5, 23.5, 0, 24, CAST(N'2021-06-16' AS Date), CAST(N'2021-06-30' AS Date), CAST(N'2021-06-01' AS Date))
INSERT [dbo].[TIMEKEEPING] ([TIMEKEEPING_ID], [EMPLOYEE_ID], [NUMBER_OF_WORK_DAY], [NUMBER_OF_ABSENT_DAY], [NUMBER_OF_OVERTIME_DAY], [NUMBER_OF_STANDARD_DAY], [DATE_START], [DATE_END], [MONTH]) VALUES (34, 1, 1, 23, 0, 24, CAST(N'2021-06-16' AS Date), CAST(N'2021-06-30' AS Date), CAST(N'2021-06-01' AS Date))
INSERT [dbo].[TIMEKEEPING] ([TIMEKEEPING_ID], [EMPLOYEE_ID], [NUMBER_OF_WORK_DAY], [NUMBER_OF_ABSENT_DAY], [NUMBER_OF_OVERTIME_DAY], [NUMBER_OF_STANDARD_DAY], [DATE_START], [DATE_END], [MONTH]) VALUES (35, 4, 0, 24, 0, 24, CAST(N'2021-06-16' AS Date), CAST(N'2021-06-30' AS Date), CAST(N'2021-06-01' AS Date))
INSERT [dbo].[TIMEKEEPING] ([TIMEKEEPING_ID], [EMPLOYEE_ID], [NUMBER_OF_WORK_DAY], [NUMBER_OF_ABSENT_DAY], [NUMBER_OF_OVERTIME_DAY], [NUMBER_OF_STANDARD_DAY], [DATE_START], [DATE_END], [MONTH]) VALUES (37, 8, 0, 24, 0, 24, CAST(N'2021-06-26' AS Date), CAST(N'2021-06-30' AS Date), CAST(N'2021-06-01' AS Date))
INSERT [dbo].[TIMEKEEPING] ([TIMEKEEPING_ID], [EMPLOYEE_ID], [NUMBER_OF_WORK_DAY], [NUMBER_OF_ABSENT_DAY], [NUMBER_OF_OVERTIME_DAY], [NUMBER_OF_STANDARD_DAY], [DATE_START], [DATE_END], [MONTH]) VALUES (39, 9, 0, 24, 0, 24, CAST(N'2021-06-26' AS Date), CAST(N'2021-06-30' AS Date), CAST(N'2021-06-01' AS Date))
INSERT [dbo].[TIMEKEEPING] ([TIMEKEEPING_ID], [EMPLOYEE_ID], [NUMBER_OF_WORK_DAY], [NUMBER_OF_ABSENT_DAY], [NUMBER_OF_OVERTIME_DAY], [NUMBER_OF_STANDARD_DAY], [DATE_START], [DATE_END], [MONTH]) VALUES (40, 10, 0, 24, 0, 24, CAST(N'2021-06-26' AS Date), CAST(N'2021-06-30' AS Date), CAST(N'2021-06-01' AS Date))
INSERT [dbo].[TIMEKEEPING] ([TIMEKEEPING_ID], [EMPLOYEE_ID], [NUMBER_OF_WORK_DAY], [NUMBER_OF_ABSENT_DAY], [NUMBER_OF_OVERTIME_DAY], [NUMBER_OF_STANDARD_DAY], [DATE_START], [DATE_END], [MONTH]) VALUES (41, 11, 0, 24, 0, 24, CAST(N'2021-06-26' AS Date), CAST(N'2021-06-30' AS Date), CAST(N'2021-06-01' AS Date))
INSERT [dbo].[TIMEKEEPING] ([TIMEKEEPING_ID], [EMPLOYEE_ID], [NUMBER_OF_WORK_DAY], [NUMBER_OF_ABSENT_DAY], [NUMBER_OF_OVERTIME_DAY], [NUMBER_OF_STANDARD_DAY], [DATE_START], [DATE_END], [MONTH]) VALUES (42, 12, 0, 24, 0, 24, CAST(N'2021-06-26' AS Date), CAST(N'2021-06-30' AS Date), CAST(N'2021-06-01' AS Date))
INSERT [dbo].[TIMEKEEPING] ([TIMEKEEPING_ID], [EMPLOYEE_ID], [NUMBER_OF_WORK_DAY], [NUMBER_OF_ABSENT_DAY], [NUMBER_OF_OVERTIME_DAY], [NUMBER_OF_STANDARD_DAY], [DATE_START], [DATE_END], [MONTH]) VALUES (43, 13, 0, 24, 0, 24, CAST(N'2021-06-26' AS Date), CAST(N'2021-06-30' AS Date), CAST(N'2021-06-01' AS Date))
INSERT [dbo].[TIMEKEEPING] ([TIMEKEEPING_ID], [EMPLOYEE_ID], [NUMBER_OF_WORK_DAY], [NUMBER_OF_ABSENT_DAY], [NUMBER_OF_OVERTIME_DAY], [NUMBER_OF_STANDARD_DAY], [DATE_START], [DATE_END], [MONTH]) VALUES (44, 14, 0, 24, 0, 24, CAST(N'2021-06-26' AS Date), CAST(N'2021-06-30' AS Date), CAST(N'2021-06-01' AS Date))
INSERT [dbo].[TIMEKEEPING] ([TIMEKEEPING_ID], [EMPLOYEE_ID], [NUMBER_OF_WORK_DAY], [NUMBER_OF_ABSENT_DAY], [NUMBER_OF_OVERTIME_DAY], [NUMBER_OF_STANDARD_DAY], [DATE_START], [DATE_END], [MONTH]) VALUES (45, 15, 0, 24, 0, 24, CAST(N'2021-06-26' AS Date), CAST(N'2021-06-30' AS Date), CAST(N'2021-06-01' AS Date))
INSERT [dbo].[TIMEKEEPING] ([TIMEKEEPING_ID], [EMPLOYEE_ID], [NUMBER_OF_WORK_DAY], [NUMBER_OF_ABSENT_DAY], [NUMBER_OF_OVERTIME_DAY], [NUMBER_OF_STANDARD_DAY], [DATE_START], [DATE_END], [MONTH]) VALUES (46, 16, 0, 24, 0, 24, CAST(N'2021-06-27' AS Date), CAST(N'2021-06-30' AS Date), CAST(N'2021-06-01' AS Date))
INSERT [dbo].[TIMEKEEPING] ([TIMEKEEPING_ID], [EMPLOYEE_ID], [NUMBER_OF_WORK_DAY], [NUMBER_OF_ABSENT_DAY], [NUMBER_OF_OVERTIME_DAY], [NUMBER_OF_STANDARD_DAY], [DATE_START], [DATE_END], [MONTH]) VALUES (47, 18, 0, 24, 0, 24, CAST(N'2021-06-27' AS Date), CAST(N'2021-06-30' AS Date), CAST(N'2021-06-01' AS Date))
INSERT [dbo].[TIMEKEEPING] ([TIMEKEEPING_ID], [EMPLOYEE_ID], [NUMBER_OF_WORK_DAY], [NUMBER_OF_ABSENT_DAY], [NUMBER_OF_OVERTIME_DAY], [NUMBER_OF_STANDARD_DAY], [DATE_START], [DATE_END], [MONTH]) VALUES (48, 19, 0, 24, 0, 24, CAST(N'2021-06-27' AS Date), CAST(N'2021-06-30' AS Date), CAST(N'2021-06-01' AS Date))
INSERT [dbo].[TIMEKEEPING] ([TIMEKEEPING_ID], [EMPLOYEE_ID], [NUMBER_OF_WORK_DAY], [NUMBER_OF_ABSENT_DAY], [NUMBER_OF_OVERTIME_DAY], [NUMBER_OF_STANDARD_DAY], [DATE_START], [DATE_END], [MONTH]) VALUES (49, 20, 0, 24, 0, 24, CAST(N'2021-06-27' AS Date), CAST(N'2021-06-30' AS Date), CAST(N'2021-06-01' AS Date))
INSERT [dbo].[TIMEKEEPING] ([TIMEKEEPING_ID], [EMPLOYEE_ID], [NUMBER_OF_WORK_DAY], [NUMBER_OF_ABSENT_DAY], [NUMBER_OF_OVERTIME_DAY], [NUMBER_OF_STANDARD_DAY], [DATE_START], [DATE_END], [MONTH]) VALUES (50, 21, 0, 24, 0, 24, CAST(N'2021-06-27' AS Date), CAST(N'2021-06-30' AS Date), CAST(N'2021-06-01' AS Date))
INSERT [dbo].[TIMEKEEPING] ([TIMEKEEPING_ID], [EMPLOYEE_ID], [NUMBER_OF_WORK_DAY], [NUMBER_OF_ABSENT_DAY], [NUMBER_OF_OVERTIME_DAY], [NUMBER_OF_STANDARD_DAY], [DATE_START], [DATE_END], [MONTH]) VALUES (51, 22, 0, 24, 0, 24, CAST(N'2021-06-27' AS Date), CAST(N'2021-06-30' AS Date), CAST(N'2021-06-01' AS Date))
INSERT [dbo].[TIMEKEEPING] ([TIMEKEEPING_ID], [EMPLOYEE_ID], [NUMBER_OF_WORK_DAY], [NUMBER_OF_ABSENT_DAY], [NUMBER_OF_OVERTIME_DAY], [NUMBER_OF_STANDARD_DAY], [DATE_START], [DATE_END], [MONTH]) VALUES (52, 23, 0, 24, 0, 24, CAST(N'2021-06-27' AS Date), CAST(N'2021-06-30' AS Date), CAST(N'2021-06-01' AS Date))
INSERT [dbo].[TIMEKEEPING] ([TIMEKEEPING_ID], [EMPLOYEE_ID], [NUMBER_OF_WORK_DAY], [NUMBER_OF_ABSENT_DAY], [NUMBER_OF_OVERTIME_DAY], [NUMBER_OF_STANDARD_DAY], [DATE_START], [DATE_END], [MONTH]) VALUES (53, 25, 0, 24, 0, 24, CAST(N'2021-06-27' AS Date), CAST(N'2021-06-30' AS Date), CAST(N'2021-06-01' AS Date))
INSERT [dbo].[TIMEKEEPING] ([TIMEKEEPING_ID], [EMPLOYEE_ID], [NUMBER_OF_WORK_DAY], [NUMBER_OF_ABSENT_DAY], [NUMBER_OF_OVERTIME_DAY], [NUMBER_OF_STANDARD_DAY], [DATE_START], [DATE_END], [MONTH]) VALUES (54, 26, 0, 24, 0, 24, CAST(N'2021-06-27' AS Date), CAST(N'2021-06-30' AS Date), CAST(N'2021-06-01' AS Date))
INSERT [dbo].[TIMEKEEPING] ([TIMEKEEPING_ID], [EMPLOYEE_ID], [NUMBER_OF_WORK_DAY], [NUMBER_OF_ABSENT_DAY], [NUMBER_OF_OVERTIME_DAY], [NUMBER_OF_STANDARD_DAY], [DATE_START], [DATE_END], [MONTH]) VALUES (55, 27, 0, 24, 0, 24, CAST(N'2021-06-27' AS Date), CAST(N'2021-06-30' AS Date), CAST(N'2021-06-01' AS Date))
INSERT [dbo].[TIMEKEEPING] ([TIMEKEEPING_ID], [EMPLOYEE_ID], [NUMBER_OF_WORK_DAY], [NUMBER_OF_ABSENT_DAY], [NUMBER_OF_OVERTIME_DAY], [NUMBER_OF_STANDARD_DAY], [DATE_START], [DATE_END], [MONTH]) VALUES (56, 28, 0, 24, 0, 24, CAST(N'2021-06-27' AS Date), CAST(N'2021-06-30' AS Date), CAST(N'2021-06-01' AS Date))
INSERT [dbo].[TIMEKEEPING] ([TIMEKEEPING_ID], [EMPLOYEE_ID], [NUMBER_OF_WORK_DAY], [NUMBER_OF_ABSENT_DAY], [NUMBER_OF_OVERTIME_DAY], [NUMBER_OF_STANDARD_DAY], [DATE_START], [DATE_END], [MONTH]) VALUES (57, 29, 0, 24, 0, 24, CAST(N'2021-06-27' AS Date), CAST(N'2021-06-30' AS Date), CAST(N'2021-06-01' AS Date))
INSERT [dbo].[TIMEKEEPING] ([TIMEKEEPING_ID], [EMPLOYEE_ID], [NUMBER_OF_WORK_DAY], [NUMBER_OF_ABSENT_DAY], [NUMBER_OF_OVERTIME_DAY], [NUMBER_OF_STANDARD_DAY], [DATE_START], [DATE_END], [MONTH]) VALUES (58, 30, 0, 24, 0, 24, CAST(N'2021-06-27' AS Date), CAST(N'2021-06-30' AS Date), CAST(N'2021-06-01' AS Date))
INSERT [dbo].[TIMEKEEPING] ([TIMEKEEPING_ID], [EMPLOYEE_ID], [NUMBER_OF_WORK_DAY], [NUMBER_OF_ABSENT_DAY], [NUMBER_OF_OVERTIME_DAY], [NUMBER_OF_STANDARD_DAY], [DATE_START], [DATE_END], [MONTH]) VALUES (59, 31, 0, 24, 0, 24, CAST(N'2021-06-27' AS Date), CAST(N'2021-06-30' AS Date), CAST(N'2021-06-01' AS Date))
INSERT [dbo].[TIMEKEEPING] ([TIMEKEEPING_ID], [EMPLOYEE_ID], [NUMBER_OF_WORK_DAY], [NUMBER_OF_ABSENT_DAY], [NUMBER_OF_OVERTIME_DAY], [NUMBER_OF_STANDARD_DAY], [DATE_START], [DATE_END], [MONTH]) VALUES (60, 32, 0, 24, 0, 24, CAST(N'2021-06-27' AS Date), CAST(N'2021-06-30' AS Date), CAST(N'2021-06-01' AS Date))
SET IDENTITY_INSERT [dbo].[TIMEKEEPING] OFF
GO
SET IDENTITY_INSERT [dbo].[TIMEKEEPING_DETAIL] ON 

INSERT [dbo].[TIMEKEEPING_DETAIL] ([TIMEKEEPING_DETAIL_ID], [TIMEKEEPING_ID], [CHECK_DATE], [SESSION], [EMPLOYEE_ID], [TIMEKEEPING_DETAIL_TYPE]) VALUES (1, 1, CAST(N'2018-01-29' AS Date), 1, 1, 1)
INSERT [dbo].[TIMEKEEPING_DETAIL] ([TIMEKEEPING_DETAIL_ID], [TIMEKEEPING_ID], [CHECK_DATE], [SESSION], [EMPLOYEE_ID], [TIMEKEEPING_DETAIL_TYPE]) VALUES (2, 1, CAST(N'2018-02-01' AS Date), 1, 1, 2)
INSERT [dbo].[TIMEKEEPING_DETAIL] ([TIMEKEEPING_DETAIL_ID], [TIMEKEEPING_ID], [CHECK_DATE], [SESSION], [EMPLOYEE_ID], [TIMEKEEPING_DETAIL_TYPE]) VALUES (3, 1, CAST(N'2018-02-02' AS Date), 1, 1, 1)
INSERT [dbo].[TIMEKEEPING_DETAIL] ([TIMEKEEPING_DETAIL_ID], [TIMEKEEPING_ID], [CHECK_DATE], [SESSION], [EMPLOYEE_ID], [TIMEKEEPING_DETAIL_TYPE]) VALUES (4, 1, CAST(N'2018-02-03' AS Date), 1, 1, 0)
INSERT [dbo].[TIMEKEEPING_DETAIL] ([TIMEKEEPING_DETAIL_ID], [TIMEKEEPING_ID], [CHECK_DATE], [SESSION], [EMPLOYEE_ID], [TIMEKEEPING_DETAIL_TYPE]) VALUES (5, 1, CAST(N'2018-01-29' AS Date), 1, 2, 0)
INSERT [dbo].[TIMEKEEPING_DETAIL] ([TIMEKEEPING_DETAIL_ID], [TIMEKEEPING_ID], [CHECK_DATE], [SESSION], [EMPLOYEE_ID], [TIMEKEEPING_DETAIL_TYPE]) VALUES (6, 1, CAST(N'2018-02-01' AS Date), 1, 2, 1)
INSERT [dbo].[TIMEKEEPING_DETAIL] ([TIMEKEEPING_DETAIL_ID], [TIMEKEEPING_ID], [CHECK_DATE], [SESSION], [EMPLOYEE_ID], [TIMEKEEPING_DETAIL_TYPE]) VALUES (7, 1, CAST(N'2018-02-02' AS Date), 1, 2, 0)
INSERT [dbo].[TIMEKEEPING_DETAIL] ([TIMEKEEPING_DETAIL_ID], [TIMEKEEPING_ID], [CHECK_DATE], [SESSION], [EMPLOYEE_ID], [TIMEKEEPING_DETAIL_TYPE]) VALUES (8, 1, CAST(N'2018-02-03' AS Date), 1, 2, 0)
INSERT [dbo].[TIMEKEEPING_DETAIL] ([TIMEKEEPING_DETAIL_ID], [TIMEKEEPING_ID], [CHECK_DATE], [SESSION], [EMPLOYEE_ID], [TIMEKEEPING_DETAIL_TYPE]) VALUES (9, 1, CAST(N'2018-01-29' AS Date), 1, 3, 0)
INSERT [dbo].[TIMEKEEPING_DETAIL] ([TIMEKEEPING_DETAIL_ID], [TIMEKEEPING_ID], [CHECK_DATE], [SESSION], [EMPLOYEE_ID], [TIMEKEEPING_DETAIL_TYPE]) VALUES (10, 1, CAST(N'2018-02-01' AS Date), 1, 3, 1)
INSERT [dbo].[TIMEKEEPING_DETAIL] ([TIMEKEEPING_DETAIL_ID], [TIMEKEEPING_ID], [CHECK_DATE], [SESSION], [EMPLOYEE_ID], [TIMEKEEPING_DETAIL_TYPE]) VALUES (11, 1, CAST(N'2018-02-02' AS Date), 1, 3, 1)
INSERT [dbo].[TIMEKEEPING_DETAIL] ([TIMEKEEPING_DETAIL_ID], [TIMEKEEPING_ID], [CHECK_DATE], [SESSION], [EMPLOYEE_ID], [TIMEKEEPING_DETAIL_TYPE]) VALUES (12, 1, CAST(N'2018-02-03' AS Date), 1, 3, 1)
INSERT [dbo].[TIMEKEEPING_DETAIL] ([TIMEKEEPING_DETAIL_ID], [TIMEKEEPING_ID], [CHECK_DATE], [SESSION], [EMPLOYEE_ID], [TIMEKEEPING_DETAIL_TYPE]) VALUES (13, 28, CAST(N'2021-06-16' AS Date), 1, 2, 0)
INSERT [dbo].[TIMEKEEPING_DETAIL] ([TIMEKEEPING_DETAIL_ID], [TIMEKEEPING_ID], [CHECK_DATE], [SESSION], [EMPLOYEE_ID], [TIMEKEEPING_DETAIL_TYPE]) VALUES (14, 28, CAST(N'2021-06-16' AS Date), 2, 2, 0)
INSERT [dbo].[TIMEKEEPING_DETAIL] ([TIMEKEEPING_DETAIL_ID], [TIMEKEEPING_ID], [CHECK_DATE], [SESSION], [EMPLOYEE_ID], [TIMEKEEPING_DETAIL_TYPE]) VALUES (15, 28, CAST(N'2021-06-17' AS Date), 1, 2, 1)
INSERT [dbo].[TIMEKEEPING_DETAIL] ([TIMEKEEPING_DETAIL_ID], [TIMEKEEPING_ID], [CHECK_DATE], [SESSION], [EMPLOYEE_ID], [TIMEKEEPING_DETAIL_TYPE]) VALUES (16, 28, CAST(N'2021-06-17' AS Date), 2, 2, 0)
INSERT [dbo].[TIMEKEEPING_DETAIL] ([TIMEKEEPING_DETAIL_ID], [TIMEKEEPING_ID], [CHECK_DATE], [SESSION], [EMPLOYEE_ID], [TIMEKEEPING_DETAIL_TYPE]) VALUES (17, 28, CAST(N'2021-06-18' AS Date), 1, 2, 0)
INSERT [dbo].[TIMEKEEPING_DETAIL] ([TIMEKEEPING_DETAIL_ID], [TIMEKEEPING_ID], [CHECK_DATE], [SESSION], [EMPLOYEE_ID], [TIMEKEEPING_DETAIL_TYPE]) VALUES (18, 28, CAST(N'2021-06-18' AS Date), 2, 2, 0)
INSERT [dbo].[TIMEKEEPING_DETAIL] ([TIMEKEEPING_DETAIL_ID], [TIMEKEEPING_ID], [CHECK_DATE], [SESSION], [EMPLOYEE_ID], [TIMEKEEPING_DETAIL_TYPE]) VALUES (19, 28, CAST(N'2021-06-19' AS Date), 1, 2, 0)
INSERT [dbo].[TIMEKEEPING_DETAIL] ([TIMEKEEPING_DETAIL_ID], [TIMEKEEPING_ID], [CHECK_DATE], [SESSION], [EMPLOYEE_ID], [TIMEKEEPING_DETAIL_TYPE]) VALUES (20, 28, CAST(N'2021-06-21' AS Date), 1, 2, 0)
INSERT [dbo].[TIMEKEEPING_DETAIL] ([TIMEKEEPING_DETAIL_ID], [TIMEKEEPING_ID], [CHECK_DATE], [SESSION], [EMPLOYEE_ID], [TIMEKEEPING_DETAIL_TYPE]) VALUES (21, 28, CAST(N'2021-06-21' AS Date), 2, 2, 0)
INSERT [dbo].[TIMEKEEPING_DETAIL] ([TIMEKEEPING_DETAIL_ID], [TIMEKEEPING_ID], [CHECK_DATE], [SESSION], [EMPLOYEE_ID], [TIMEKEEPING_DETAIL_TYPE]) VALUES (22, 28, CAST(N'2021-06-22' AS Date), 1, 2, 0)
INSERT [dbo].[TIMEKEEPING_DETAIL] ([TIMEKEEPING_DETAIL_ID], [TIMEKEEPING_ID], [CHECK_DATE], [SESSION], [EMPLOYEE_ID], [TIMEKEEPING_DETAIL_TYPE]) VALUES (23, 28, CAST(N'2021-06-22' AS Date), 2, 2, 0)
INSERT [dbo].[TIMEKEEPING_DETAIL] ([TIMEKEEPING_DETAIL_ID], [TIMEKEEPING_ID], [CHECK_DATE], [SESSION], [EMPLOYEE_ID], [TIMEKEEPING_DETAIL_TYPE]) VALUES (24, 28, CAST(N'2021-06-23' AS Date), 1, 2, 0)
INSERT [dbo].[TIMEKEEPING_DETAIL] ([TIMEKEEPING_DETAIL_ID], [TIMEKEEPING_ID], [CHECK_DATE], [SESSION], [EMPLOYEE_ID], [TIMEKEEPING_DETAIL_TYPE]) VALUES (25, 28, CAST(N'2021-06-23' AS Date), 2, 2, 0)
INSERT [dbo].[TIMEKEEPING_DETAIL] ([TIMEKEEPING_DETAIL_ID], [TIMEKEEPING_ID], [CHECK_DATE], [SESSION], [EMPLOYEE_ID], [TIMEKEEPING_DETAIL_TYPE]) VALUES (26, 28, CAST(N'2021-06-24' AS Date), 1, 2, 0)
INSERT [dbo].[TIMEKEEPING_DETAIL] ([TIMEKEEPING_DETAIL_ID], [TIMEKEEPING_ID], [CHECK_DATE], [SESSION], [EMPLOYEE_ID], [TIMEKEEPING_DETAIL_TYPE]) VALUES (27, 28, CAST(N'2021-06-24' AS Date), 2, 2, 0)
INSERT [dbo].[TIMEKEEPING_DETAIL] ([TIMEKEEPING_DETAIL_ID], [TIMEKEEPING_ID], [CHECK_DATE], [SESSION], [EMPLOYEE_ID], [TIMEKEEPING_DETAIL_TYPE]) VALUES (28, 28, CAST(N'2021-06-25' AS Date), 1, 2, 0)
INSERT [dbo].[TIMEKEEPING_DETAIL] ([TIMEKEEPING_DETAIL_ID], [TIMEKEEPING_ID], [CHECK_DATE], [SESSION], [EMPLOYEE_ID], [TIMEKEEPING_DETAIL_TYPE]) VALUES (29, 28, CAST(N'2021-06-25' AS Date), 2, 2, 0)
INSERT [dbo].[TIMEKEEPING_DETAIL] ([TIMEKEEPING_DETAIL_ID], [TIMEKEEPING_ID], [CHECK_DATE], [SESSION], [EMPLOYEE_ID], [TIMEKEEPING_DETAIL_TYPE]) VALUES (30, 28, CAST(N'2021-06-26' AS Date), 1, 2, 0)
INSERT [dbo].[TIMEKEEPING_DETAIL] ([TIMEKEEPING_DETAIL_ID], [TIMEKEEPING_ID], [CHECK_DATE], [SESSION], [EMPLOYEE_ID], [TIMEKEEPING_DETAIL_TYPE]) VALUES (31, 28, CAST(N'2021-06-28' AS Date), 1, 2, 0)
INSERT [dbo].[TIMEKEEPING_DETAIL] ([TIMEKEEPING_DETAIL_ID], [TIMEKEEPING_ID], [CHECK_DATE], [SESSION], [EMPLOYEE_ID], [TIMEKEEPING_DETAIL_TYPE]) VALUES (32, 28, CAST(N'2021-06-28' AS Date), 2, 2, 0)
INSERT [dbo].[TIMEKEEPING_DETAIL] ([TIMEKEEPING_DETAIL_ID], [TIMEKEEPING_ID], [CHECK_DATE], [SESSION], [EMPLOYEE_ID], [TIMEKEEPING_DETAIL_TYPE]) VALUES (33, 28, CAST(N'2021-06-29' AS Date), 1, 2, 0)
INSERT [dbo].[TIMEKEEPING_DETAIL] ([TIMEKEEPING_DETAIL_ID], [TIMEKEEPING_ID], [CHECK_DATE], [SESSION], [EMPLOYEE_ID], [TIMEKEEPING_DETAIL_TYPE]) VALUES (34, 28, CAST(N'2021-06-29' AS Date), 2, 2, 0)
INSERT [dbo].[TIMEKEEPING_DETAIL] ([TIMEKEEPING_DETAIL_ID], [TIMEKEEPING_ID], [CHECK_DATE], [SESSION], [EMPLOYEE_ID], [TIMEKEEPING_DETAIL_TYPE]) VALUES (35, 28, CAST(N'2021-06-30' AS Date), 1, 2, 0)
INSERT [dbo].[TIMEKEEPING_DETAIL] ([TIMEKEEPING_DETAIL_ID], [TIMEKEEPING_ID], [CHECK_DATE], [SESSION], [EMPLOYEE_ID], [TIMEKEEPING_DETAIL_TYPE]) VALUES (36, 28, CAST(N'2021-06-30' AS Date), 2, 2, 0)
INSERT [dbo].[TIMEKEEPING_DETAIL] ([TIMEKEEPING_DETAIL_ID], [TIMEKEEPING_ID], [CHECK_DATE], [SESSION], [EMPLOYEE_ID], [TIMEKEEPING_DETAIL_TYPE]) VALUES (37, 29, CAST(N'2021-06-16' AS Date), 1, 3, 0)
INSERT [dbo].[TIMEKEEPING_DETAIL] ([TIMEKEEPING_DETAIL_ID], [TIMEKEEPING_ID], [CHECK_DATE], [SESSION], [EMPLOYEE_ID], [TIMEKEEPING_DETAIL_TYPE]) VALUES (38, 29, CAST(N'2021-06-16' AS Date), 2, 3, 0)
INSERT [dbo].[TIMEKEEPING_DETAIL] ([TIMEKEEPING_DETAIL_ID], [TIMEKEEPING_ID], [CHECK_DATE], [SESSION], [EMPLOYEE_ID], [TIMEKEEPING_DETAIL_TYPE]) VALUES (39, 29, CAST(N'2021-06-17' AS Date), 1, 3, 0)
INSERT [dbo].[TIMEKEEPING_DETAIL] ([TIMEKEEPING_DETAIL_ID], [TIMEKEEPING_ID], [CHECK_DATE], [SESSION], [EMPLOYEE_ID], [TIMEKEEPING_DETAIL_TYPE]) VALUES (40, 29, CAST(N'2021-06-17' AS Date), 2, 3, 0)
INSERT [dbo].[TIMEKEEPING_DETAIL] ([TIMEKEEPING_DETAIL_ID], [TIMEKEEPING_ID], [CHECK_DATE], [SESSION], [EMPLOYEE_ID], [TIMEKEEPING_DETAIL_TYPE]) VALUES (41, 29, CAST(N'2021-06-18' AS Date), 1, 3, 0)
INSERT [dbo].[TIMEKEEPING_DETAIL] ([TIMEKEEPING_DETAIL_ID], [TIMEKEEPING_ID], [CHECK_DATE], [SESSION], [EMPLOYEE_ID], [TIMEKEEPING_DETAIL_TYPE]) VALUES (42, 29, CAST(N'2021-06-18' AS Date), 2, 3, 0)
INSERT [dbo].[TIMEKEEPING_DETAIL] ([TIMEKEEPING_DETAIL_ID], [TIMEKEEPING_ID], [CHECK_DATE], [SESSION], [EMPLOYEE_ID], [TIMEKEEPING_DETAIL_TYPE]) VALUES (43, 29, CAST(N'2021-06-19' AS Date), 1, 3, 0)
INSERT [dbo].[TIMEKEEPING_DETAIL] ([TIMEKEEPING_DETAIL_ID], [TIMEKEEPING_ID], [CHECK_DATE], [SESSION], [EMPLOYEE_ID], [TIMEKEEPING_DETAIL_TYPE]) VALUES (44, 29, CAST(N'2021-06-21' AS Date), 1, 3, 0)
INSERT [dbo].[TIMEKEEPING_DETAIL] ([TIMEKEEPING_DETAIL_ID], [TIMEKEEPING_ID], [CHECK_DATE], [SESSION], [EMPLOYEE_ID], [TIMEKEEPING_DETAIL_TYPE]) VALUES (45, 29, CAST(N'2021-06-21' AS Date), 2, 3, 0)
INSERT [dbo].[TIMEKEEPING_DETAIL] ([TIMEKEEPING_DETAIL_ID], [TIMEKEEPING_ID], [CHECK_DATE], [SESSION], [EMPLOYEE_ID], [TIMEKEEPING_DETAIL_TYPE]) VALUES (46, 29, CAST(N'2021-06-22' AS Date), 1, 3, 0)
INSERT [dbo].[TIMEKEEPING_DETAIL] ([TIMEKEEPING_DETAIL_ID], [TIMEKEEPING_ID], [CHECK_DATE], [SESSION], [EMPLOYEE_ID], [TIMEKEEPING_DETAIL_TYPE]) VALUES (47, 29, CAST(N'2021-06-22' AS Date), 2, 3, 0)
INSERT [dbo].[TIMEKEEPING_DETAIL] ([TIMEKEEPING_DETAIL_ID], [TIMEKEEPING_ID], [CHECK_DATE], [SESSION], [EMPLOYEE_ID], [TIMEKEEPING_DETAIL_TYPE]) VALUES (48, 29, CAST(N'2021-06-23' AS Date), 1, 3, 0)
INSERT [dbo].[TIMEKEEPING_DETAIL] ([TIMEKEEPING_DETAIL_ID], [TIMEKEEPING_ID], [CHECK_DATE], [SESSION], [EMPLOYEE_ID], [TIMEKEEPING_DETAIL_TYPE]) VALUES (49, 29, CAST(N'2021-06-23' AS Date), 2, 3, 0)
INSERT [dbo].[TIMEKEEPING_DETAIL] ([TIMEKEEPING_DETAIL_ID], [TIMEKEEPING_ID], [CHECK_DATE], [SESSION], [EMPLOYEE_ID], [TIMEKEEPING_DETAIL_TYPE]) VALUES (50, 29, CAST(N'2021-06-24' AS Date), 1, 3, 0)
INSERT [dbo].[TIMEKEEPING_DETAIL] ([TIMEKEEPING_DETAIL_ID], [TIMEKEEPING_ID], [CHECK_DATE], [SESSION], [EMPLOYEE_ID], [TIMEKEEPING_DETAIL_TYPE]) VALUES (51, 29, CAST(N'2021-06-24' AS Date), 2, 3, 0)
INSERT [dbo].[TIMEKEEPING_DETAIL] ([TIMEKEEPING_DETAIL_ID], [TIMEKEEPING_ID], [CHECK_DATE], [SESSION], [EMPLOYEE_ID], [TIMEKEEPING_DETAIL_TYPE]) VALUES (52, 29, CAST(N'2021-06-25' AS Date), 1, 3, 0)
INSERT [dbo].[TIMEKEEPING_DETAIL] ([TIMEKEEPING_DETAIL_ID], [TIMEKEEPING_ID], [CHECK_DATE], [SESSION], [EMPLOYEE_ID], [TIMEKEEPING_DETAIL_TYPE]) VALUES (53, 29, CAST(N'2021-06-25' AS Date), 2, 3, 0)
INSERT [dbo].[TIMEKEEPING_DETAIL] ([TIMEKEEPING_DETAIL_ID], [TIMEKEEPING_ID], [CHECK_DATE], [SESSION], [EMPLOYEE_ID], [TIMEKEEPING_DETAIL_TYPE]) VALUES (54, 29, CAST(N'2021-06-26' AS Date), 1, 3, 1)
INSERT [dbo].[TIMEKEEPING_DETAIL] ([TIMEKEEPING_DETAIL_ID], [TIMEKEEPING_ID], [CHECK_DATE], [SESSION], [EMPLOYEE_ID], [TIMEKEEPING_DETAIL_TYPE]) VALUES (55, 29, CAST(N'2021-06-28' AS Date), 1, 3, 0)
INSERT [dbo].[TIMEKEEPING_DETAIL] ([TIMEKEEPING_DETAIL_ID], [TIMEKEEPING_ID], [CHECK_DATE], [SESSION], [EMPLOYEE_ID], [TIMEKEEPING_DETAIL_TYPE]) VALUES (56, 29, CAST(N'2021-06-28' AS Date), 2, 3, 0)
INSERT [dbo].[TIMEKEEPING_DETAIL] ([TIMEKEEPING_DETAIL_ID], [TIMEKEEPING_ID], [CHECK_DATE], [SESSION], [EMPLOYEE_ID], [TIMEKEEPING_DETAIL_TYPE]) VALUES (57, 29, CAST(N'2021-06-29' AS Date), 1, 3, 0)
INSERT [dbo].[TIMEKEEPING_DETAIL] ([TIMEKEEPING_DETAIL_ID], [TIMEKEEPING_ID], [CHECK_DATE], [SESSION], [EMPLOYEE_ID], [TIMEKEEPING_DETAIL_TYPE]) VALUES (58, 29, CAST(N'2021-06-29' AS Date), 2, 3, 0)
INSERT [dbo].[TIMEKEEPING_DETAIL] ([TIMEKEEPING_DETAIL_ID], [TIMEKEEPING_ID], [CHECK_DATE], [SESSION], [EMPLOYEE_ID], [TIMEKEEPING_DETAIL_TYPE]) VALUES (59, 29, CAST(N'2021-06-30' AS Date), 1, 3, 0)
INSERT [dbo].[TIMEKEEPING_DETAIL] ([TIMEKEEPING_DETAIL_ID], [TIMEKEEPING_ID], [CHECK_DATE], [SESSION], [EMPLOYEE_ID], [TIMEKEEPING_DETAIL_TYPE]) VALUES (60, 29, CAST(N'2021-06-30' AS Date), 2, 3, 0)
INSERT [dbo].[TIMEKEEPING_DETAIL] ([TIMEKEEPING_DETAIL_ID], [TIMEKEEPING_ID], [CHECK_DATE], [SESSION], [EMPLOYEE_ID], [TIMEKEEPING_DETAIL_TYPE]) VALUES (85, 31, CAST(N'2021-06-16' AS Date), 1, 6, 0)
INSERT [dbo].[TIMEKEEPING_DETAIL] ([TIMEKEEPING_DETAIL_ID], [TIMEKEEPING_ID], [CHECK_DATE], [SESSION], [EMPLOYEE_ID], [TIMEKEEPING_DETAIL_TYPE]) VALUES (86, 31, CAST(N'2021-06-16' AS Date), 2, 6, 0)
INSERT [dbo].[TIMEKEEPING_DETAIL] ([TIMEKEEPING_DETAIL_ID], [TIMEKEEPING_ID], [CHECK_DATE], [SESSION], [EMPLOYEE_ID], [TIMEKEEPING_DETAIL_TYPE]) VALUES (87, 31, CAST(N'2021-06-17' AS Date), 1, 6, 0)
INSERT [dbo].[TIMEKEEPING_DETAIL] ([TIMEKEEPING_DETAIL_ID], [TIMEKEEPING_ID], [CHECK_DATE], [SESSION], [EMPLOYEE_ID], [TIMEKEEPING_DETAIL_TYPE]) VALUES (88, 31, CAST(N'2021-06-17' AS Date), 2, 6, 2)
INSERT [dbo].[TIMEKEEPING_DETAIL] ([TIMEKEEPING_DETAIL_ID], [TIMEKEEPING_ID], [CHECK_DATE], [SESSION], [EMPLOYEE_ID], [TIMEKEEPING_DETAIL_TYPE]) VALUES (89, 31, CAST(N'2021-06-18' AS Date), 1, 6, 0)
INSERT [dbo].[TIMEKEEPING_DETAIL] ([TIMEKEEPING_DETAIL_ID], [TIMEKEEPING_ID], [CHECK_DATE], [SESSION], [EMPLOYEE_ID], [TIMEKEEPING_DETAIL_TYPE]) VALUES (90, 31, CAST(N'2021-06-18' AS Date), 2, 6, 0)
INSERT [dbo].[TIMEKEEPING_DETAIL] ([TIMEKEEPING_DETAIL_ID], [TIMEKEEPING_ID], [CHECK_DATE], [SESSION], [EMPLOYEE_ID], [TIMEKEEPING_DETAIL_TYPE]) VALUES (91, 31, CAST(N'2021-06-19' AS Date), 1, 6, 0)
INSERT [dbo].[TIMEKEEPING_DETAIL] ([TIMEKEEPING_DETAIL_ID], [TIMEKEEPING_ID], [CHECK_DATE], [SESSION], [EMPLOYEE_ID], [TIMEKEEPING_DETAIL_TYPE]) VALUES (92, 31, CAST(N'2021-06-21' AS Date), 1, 6, 0)
INSERT [dbo].[TIMEKEEPING_DETAIL] ([TIMEKEEPING_DETAIL_ID], [TIMEKEEPING_ID], [CHECK_DATE], [SESSION], [EMPLOYEE_ID], [TIMEKEEPING_DETAIL_TYPE]) VALUES (93, 31, CAST(N'2021-06-21' AS Date), 2, 6, 0)
INSERT [dbo].[TIMEKEEPING_DETAIL] ([TIMEKEEPING_DETAIL_ID], [TIMEKEEPING_ID], [CHECK_DATE], [SESSION], [EMPLOYEE_ID], [TIMEKEEPING_DETAIL_TYPE]) VALUES (94, 31, CAST(N'2021-06-22' AS Date), 1, 6, 0)
INSERT [dbo].[TIMEKEEPING_DETAIL] ([TIMEKEEPING_DETAIL_ID], [TIMEKEEPING_ID], [CHECK_DATE], [SESSION], [EMPLOYEE_ID], [TIMEKEEPING_DETAIL_TYPE]) VALUES (95, 31, CAST(N'2021-06-22' AS Date), 2, 6, 0)
INSERT [dbo].[TIMEKEEPING_DETAIL] ([TIMEKEEPING_DETAIL_ID], [TIMEKEEPING_ID], [CHECK_DATE], [SESSION], [EMPLOYEE_ID], [TIMEKEEPING_DETAIL_TYPE]) VALUES (96, 31, CAST(N'2021-06-23' AS Date), 1, 6, 0)
INSERT [dbo].[TIMEKEEPING_DETAIL] ([TIMEKEEPING_DETAIL_ID], [TIMEKEEPING_ID], [CHECK_DATE], [SESSION], [EMPLOYEE_ID], [TIMEKEEPING_DETAIL_TYPE]) VALUES (97, 31, CAST(N'2021-06-23' AS Date), 2, 6, 0)
INSERT [dbo].[TIMEKEEPING_DETAIL] ([TIMEKEEPING_DETAIL_ID], [TIMEKEEPING_ID], [CHECK_DATE], [SESSION], [EMPLOYEE_ID], [TIMEKEEPING_DETAIL_TYPE]) VALUES (98, 31, CAST(N'2021-06-24' AS Date), 1, 6, 0)
INSERT [dbo].[TIMEKEEPING_DETAIL] ([TIMEKEEPING_DETAIL_ID], [TIMEKEEPING_ID], [CHECK_DATE], [SESSION], [EMPLOYEE_ID], [TIMEKEEPING_DETAIL_TYPE]) VALUES (99, 31, CAST(N'2021-06-24' AS Date), 2, 6, 0)
INSERT [dbo].[TIMEKEEPING_DETAIL] ([TIMEKEEPING_DETAIL_ID], [TIMEKEEPING_ID], [CHECK_DATE], [SESSION], [EMPLOYEE_ID], [TIMEKEEPING_DETAIL_TYPE]) VALUES (100, 31, CAST(N'2021-06-25' AS Date), 1, 6, 0)
INSERT [dbo].[TIMEKEEPING_DETAIL] ([TIMEKEEPING_DETAIL_ID], [TIMEKEEPING_ID], [CHECK_DATE], [SESSION], [EMPLOYEE_ID], [TIMEKEEPING_DETAIL_TYPE]) VALUES (101, 31, CAST(N'2021-06-25' AS Date), 2, 6, 0)
INSERT [dbo].[TIMEKEEPING_DETAIL] ([TIMEKEEPING_DETAIL_ID], [TIMEKEEPING_ID], [CHECK_DATE], [SESSION], [EMPLOYEE_ID], [TIMEKEEPING_DETAIL_TYPE]) VALUES (102, 31, CAST(N'2021-06-26' AS Date), 1, 6, 0)
INSERT [dbo].[TIMEKEEPING_DETAIL] ([TIMEKEEPING_DETAIL_ID], [TIMEKEEPING_ID], [CHECK_DATE], [SESSION], [EMPLOYEE_ID], [TIMEKEEPING_DETAIL_TYPE]) VALUES (103, 31, CAST(N'2021-06-28' AS Date), 1, 6, 0)
INSERT [dbo].[TIMEKEEPING_DETAIL] ([TIMEKEEPING_DETAIL_ID], [TIMEKEEPING_ID], [CHECK_DATE], [SESSION], [EMPLOYEE_ID], [TIMEKEEPING_DETAIL_TYPE]) VALUES (104, 31, CAST(N'2021-06-28' AS Date), 2, 6, 0)
INSERT [dbo].[TIMEKEEPING_DETAIL] ([TIMEKEEPING_DETAIL_ID], [TIMEKEEPING_ID], [CHECK_DATE], [SESSION], [EMPLOYEE_ID], [TIMEKEEPING_DETAIL_TYPE]) VALUES (105, 31, CAST(N'2021-06-29' AS Date), 1, 6, 0)
INSERT [dbo].[TIMEKEEPING_DETAIL] ([TIMEKEEPING_DETAIL_ID], [TIMEKEEPING_ID], [CHECK_DATE], [SESSION], [EMPLOYEE_ID], [TIMEKEEPING_DETAIL_TYPE]) VALUES (106, 31, CAST(N'2021-06-29' AS Date), 2, 6, 0)
INSERT [dbo].[TIMEKEEPING_DETAIL] ([TIMEKEEPING_DETAIL_ID], [TIMEKEEPING_ID], [CHECK_DATE], [SESSION], [EMPLOYEE_ID], [TIMEKEEPING_DETAIL_TYPE]) VALUES (107, 31, CAST(N'2021-06-30' AS Date), 1, 6, 0)
INSERT [dbo].[TIMEKEEPING_DETAIL] ([TIMEKEEPING_DETAIL_ID], [TIMEKEEPING_ID], [CHECK_DATE], [SESSION], [EMPLOYEE_ID], [TIMEKEEPING_DETAIL_TYPE]) VALUES (108, 31, CAST(N'2021-06-30' AS Date), 2, 6, 0)
INSERT [dbo].[TIMEKEEPING_DETAIL] ([TIMEKEEPING_DETAIL_ID], [TIMEKEEPING_ID], [CHECK_DATE], [SESSION], [EMPLOYEE_ID], [TIMEKEEPING_DETAIL_TYPE]) VALUES (133, 33, CAST(N'2021-06-16' AS Date), 1, 7, 1)
INSERT [dbo].[TIMEKEEPING_DETAIL] ([TIMEKEEPING_DETAIL_ID], [TIMEKEEPING_ID], [CHECK_DATE], [SESSION], [EMPLOYEE_ID], [TIMEKEEPING_DETAIL_TYPE]) VALUES (134, 33, CAST(N'2021-06-16' AS Date), 2, 7, 0)
INSERT [dbo].[TIMEKEEPING_DETAIL] ([TIMEKEEPING_DETAIL_ID], [TIMEKEEPING_ID], [CHECK_DATE], [SESSION], [EMPLOYEE_ID], [TIMEKEEPING_DETAIL_TYPE]) VALUES (135, 33, CAST(N'2021-06-17' AS Date), 1, 7, 0)
INSERT [dbo].[TIMEKEEPING_DETAIL] ([TIMEKEEPING_DETAIL_ID], [TIMEKEEPING_ID], [CHECK_DATE], [SESSION], [EMPLOYEE_ID], [TIMEKEEPING_DETAIL_TYPE]) VALUES (136, 33, CAST(N'2021-06-17' AS Date), 2, 7, 0)
INSERT [dbo].[TIMEKEEPING_DETAIL] ([TIMEKEEPING_DETAIL_ID], [TIMEKEEPING_ID], [CHECK_DATE], [SESSION], [EMPLOYEE_ID], [TIMEKEEPING_DETAIL_TYPE]) VALUES (137, 33, CAST(N'2021-06-18' AS Date), 1, 7, 0)
INSERT [dbo].[TIMEKEEPING_DETAIL] ([TIMEKEEPING_DETAIL_ID], [TIMEKEEPING_ID], [CHECK_DATE], [SESSION], [EMPLOYEE_ID], [TIMEKEEPING_DETAIL_TYPE]) VALUES (138, 33, CAST(N'2021-06-18' AS Date), 2, 7, 0)
INSERT [dbo].[TIMEKEEPING_DETAIL] ([TIMEKEEPING_DETAIL_ID], [TIMEKEEPING_ID], [CHECK_DATE], [SESSION], [EMPLOYEE_ID], [TIMEKEEPING_DETAIL_TYPE]) VALUES (139, 33, CAST(N'2021-06-19' AS Date), 1, 7, 0)
INSERT [dbo].[TIMEKEEPING_DETAIL] ([TIMEKEEPING_DETAIL_ID], [TIMEKEEPING_ID], [CHECK_DATE], [SESSION], [EMPLOYEE_ID], [TIMEKEEPING_DETAIL_TYPE]) VALUES (140, 33, CAST(N'2021-06-21' AS Date), 1, 7, 0)
INSERT [dbo].[TIMEKEEPING_DETAIL] ([TIMEKEEPING_DETAIL_ID], [TIMEKEEPING_ID], [CHECK_DATE], [SESSION], [EMPLOYEE_ID], [TIMEKEEPING_DETAIL_TYPE]) VALUES (141, 33, CAST(N'2021-06-21' AS Date), 2, 7, 0)
INSERT [dbo].[TIMEKEEPING_DETAIL] ([TIMEKEEPING_DETAIL_ID], [TIMEKEEPING_ID], [CHECK_DATE], [SESSION], [EMPLOYEE_ID], [TIMEKEEPING_DETAIL_TYPE]) VALUES (142, 33, CAST(N'2021-06-22' AS Date), 1, 7, 0)
INSERT [dbo].[TIMEKEEPING_DETAIL] ([TIMEKEEPING_DETAIL_ID], [TIMEKEEPING_ID], [CHECK_DATE], [SESSION], [EMPLOYEE_ID], [TIMEKEEPING_DETAIL_TYPE]) VALUES (143, 33, CAST(N'2021-06-22' AS Date), 2, 7, 0)
INSERT [dbo].[TIMEKEEPING_DETAIL] ([TIMEKEEPING_DETAIL_ID], [TIMEKEEPING_ID], [CHECK_DATE], [SESSION], [EMPLOYEE_ID], [TIMEKEEPING_DETAIL_TYPE]) VALUES (144, 33, CAST(N'2021-06-23' AS Date), 1, 7, 0)
INSERT [dbo].[TIMEKEEPING_DETAIL] ([TIMEKEEPING_DETAIL_ID], [TIMEKEEPING_ID], [CHECK_DATE], [SESSION], [EMPLOYEE_ID], [TIMEKEEPING_DETAIL_TYPE]) VALUES (145, 33, CAST(N'2021-06-23' AS Date), 2, 7, 0)
INSERT [dbo].[TIMEKEEPING_DETAIL] ([TIMEKEEPING_DETAIL_ID], [TIMEKEEPING_ID], [CHECK_DATE], [SESSION], [EMPLOYEE_ID], [TIMEKEEPING_DETAIL_TYPE]) VALUES (146, 33, CAST(N'2021-06-24' AS Date), 1, 7, 0)
INSERT [dbo].[TIMEKEEPING_DETAIL] ([TIMEKEEPING_DETAIL_ID], [TIMEKEEPING_ID], [CHECK_DATE], [SESSION], [EMPLOYEE_ID], [TIMEKEEPING_DETAIL_TYPE]) VALUES (147, 33, CAST(N'2021-06-24' AS Date), 2, 7, 0)
GO
INSERT [dbo].[TIMEKEEPING_DETAIL] ([TIMEKEEPING_DETAIL_ID], [TIMEKEEPING_ID], [CHECK_DATE], [SESSION], [EMPLOYEE_ID], [TIMEKEEPING_DETAIL_TYPE]) VALUES (148, 33, CAST(N'2021-06-25' AS Date), 1, 7, 0)
INSERT [dbo].[TIMEKEEPING_DETAIL] ([TIMEKEEPING_DETAIL_ID], [TIMEKEEPING_ID], [CHECK_DATE], [SESSION], [EMPLOYEE_ID], [TIMEKEEPING_DETAIL_TYPE]) VALUES (149, 33, CAST(N'2021-06-25' AS Date), 2, 7, 0)
INSERT [dbo].[TIMEKEEPING_DETAIL] ([TIMEKEEPING_DETAIL_ID], [TIMEKEEPING_ID], [CHECK_DATE], [SESSION], [EMPLOYEE_ID], [TIMEKEEPING_DETAIL_TYPE]) VALUES (150, 33, CAST(N'2021-06-26' AS Date), 1, 7, 0)
INSERT [dbo].[TIMEKEEPING_DETAIL] ([TIMEKEEPING_DETAIL_ID], [TIMEKEEPING_ID], [CHECK_DATE], [SESSION], [EMPLOYEE_ID], [TIMEKEEPING_DETAIL_TYPE]) VALUES (151, 33, CAST(N'2021-06-28' AS Date), 1, 7, 0)
INSERT [dbo].[TIMEKEEPING_DETAIL] ([TIMEKEEPING_DETAIL_ID], [TIMEKEEPING_ID], [CHECK_DATE], [SESSION], [EMPLOYEE_ID], [TIMEKEEPING_DETAIL_TYPE]) VALUES (152, 33, CAST(N'2021-06-28' AS Date), 2, 7, 0)
INSERT [dbo].[TIMEKEEPING_DETAIL] ([TIMEKEEPING_DETAIL_ID], [TIMEKEEPING_ID], [CHECK_DATE], [SESSION], [EMPLOYEE_ID], [TIMEKEEPING_DETAIL_TYPE]) VALUES (153, 33, CAST(N'2021-06-29' AS Date), 1, 7, 0)
INSERT [dbo].[TIMEKEEPING_DETAIL] ([TIMEKEEPING_DETAIL_ID], [TIMEKEEPING_ID], [CHECK_DATE], [SESSION], [EMPLOYEE_ID], [TIMEKEEPING_DETAIL_TYPE]) VALUES (154, 33, CAST(N'2021-06-29' AS Date), 2, 7, 0)
INSERT [dbo].[TIMEKEEPING_DETAIL] ([TIMEKEEPING_DETAIL_ID], [TIMEKEEPING_ID], [CHECK_DATE], [SESSION], [EMPLOYEE_ID], [TIMEKEEPING_DETAIL_TYPE]) VALUES (155, 33, CAST(N'2021-06-30' AS Date), 1, 7, 0)
INSERT [dbo].[TIMEKEEPING_DETAIL] ([TIMEKEEPING_DETAIL_ID], [TIMEKEEPING_ID], [CHECK_DATE], [SESSION], [EMPLOYEE_ID], [TIMEKEEPING_DETAIL_TYPE]) VALUES (156, 33, CAST(N'2021-06-30' AS Date), 2, 7, 0)
INSERT [dbo].[TIMEKEEPING_DETAIL] ([TIMEKEEPING_DETAIL_ID], [TIMEKEEPING_ID], [CHECK_DATE], [SESSION], [EMPLOYEE_ID], [TIMEKEEPING_DETAIL_TYPE]) VALUES (158, 34, CAST(N'2021-06-16' AS Date), 2, 1, 2)
INSERT [dbo].[TIMEKEEPING_DETAIL] ([TIMEKEEPING_DETAIL_ID], [TIMEKEEPING_ID], [CHECK_DATE], [SESSION], [EMPLOYEE_ID], [TIMEKEEPING_DETAIL_TYPE]) VALUES (159, 34, CAST(N'2021-06-17' AS Date), 1, 1, 1)
INSERT [dbo].[TIMEKEEPING_DETAIL] ([TIMEKEEPING_DETAIL_ID], [TIMEKEEPING_ID], [CHECK_DATE], [SESSION], [EMPLOYEE_ID], [TIMEKEEPING_DETAIL_TYPE]) VALUES (160, 34, CAST(N'2021-06-17' AS Date), 2, 1, 0)
INSERT [dbo].[TIMEKEEPING_DETAIL] ([TIMEKEEPING_DETAIL_ID], [TIMEKEEPING_ID], [CHECK_DATE], [SESSION], [EMPLOYEE_ID], [TIMEKEEPING_DETAIL_TYPE]) VALUES (161, 34, CAST(N'2021-06-18' AS Date), 1, 1, 0)
INSERT [dbo].[TIMEKEEPING_DETAIL] ([TIMEKEEPING_DETAIL_ID], [TIMEKEEPING_ID], [CHECK_DATE], [SESSION], [EMPLOYEE_ID], [TIMEKEEPING_DETAIL_TYPE]) VALUES (162, 34, CAST(N'2021-06-18' AS Date), 2, 1, 0)
INSERT [dbo].[TIMEKEEPING_DETAIL] ([TIMEKEEPING_DETAIL_ID], [TIMEKEEPING_ID], [CHECK_DATE], [SESSION], [EMPLOYEE_ID], [TIMEKEEPING_DETAIL_TYPE]) VALUES (163, 34, CAST(N'2021-06-19' AS Date), 1, 1, 0)
INSERT [dbo].[TIMEKEEPING_DETAIL] ([TIMEKEEPING_DETAIL_ID], [TIMEKEEPING_ID], [CHECK_DATE], [SESSION], [EMPLOYEE_ID], [TIMEKEEPING_DETAIL_TYPE]) VALUES (164, 34, CAST(N'2021-06-21' AS Date), 1, 1, 0)
INSERT [dbo].[TIMEKEEPING_DETAIL] ([TIMEKEEPING_DETAIL_ID], [TIMEKEEPING_ID], [CHECK_DATE], [SESSION], [EMPLOYEE_ID], [TIMEKEEPING_DETAIL_TYPE]) VALUES (165, 34, CAST(N'2021-06-21' AS Date), 2, 1, 0)
INSERT [dbo].[TIMEKEEPING_DETAIL] ([TIMEKEEPING_DETAIL_ID], [TIMEKEEPING_ID], [CHECK_DATE], [SESSION], [EMPLOYEE_ID], [TIMEKEEPING_DETAIL_TYPE]) VALUES (166, 34, CAST(N'2021-06-22' AS Date), 1, 1, 0)
INSERT [dbo].[TIMEKEEPING_DETAIL] ([TIMEKEEPING_DETAIL_ID], [TIMEKEEPING_ID], [CHECK_DATE], [SESSION], [EMPLOYEE_ID], [TIMEKEEPING_DETAIL_TYPE]) VALUES (167, 34, CAST(N'2021-06-22' AS Date), 2, 1, 0)
INSERT [dbo].[TIMEKEEPING_DETAIL] ([TIMEKEEPING_DETAIL_ID], [TIMEKEEPING_ID], [CHECK_DATE], [SESSION], [EMPLOYEE_ID], [TIMEKEEPING_DETAIL_TYPE]) VALUES (168, 34, CAST(N'2021-06-23' AS Date), 1, 1, 0)
INSERT [dbo].[TIMEKEEPING_DETAIL] ([TIMEKEEPING_DETAIL_ID], [TIMEKEEPING_ID], [CHECK_DATE], [SESSION], [EMPLOYEE_ID], [TIMEKEEPING_DETAIL_TYPE]) VALUES (169, 34, CAST(N'2021-06-23' AS Date), 2, 1, 0)
INSERT [dbo].[TIMEKEEPING_DETAIL] ([TIMEKEEPING_DETAIL_ID], [TIMEKEEPING_ID], [CHECK_DATE], [SESSION], [EMPLOYEE_ID], [TIMEKEEPING_DETAIL_TYPE]) VALUES (170, 34, CAST(N'2021-06-24' AS Date), 1, 1, 0)
INSERT [dbo].[TIMEKEEPING_DETAIL] ([TIMEKEEPING_DETAIL_ID], [TIMEKEEPING_ID], [CHECK_DATE], [SESSION], [EMPLOYEE_ID], [TIMEKEEPING_DETAIL_TYPE]) VALUES (171, 34, CAST(N'2021-06-24' AS Date), 2, 1, 0)
INSERT [dbo].[TIMEKEEPING_DETAIL] ([TIMEKEEPING_DETAIL_ID], [TIMEKEEPING_ID], [CHECK_DATE], [SESSION], [EMPLOYEE_ID], [TIMEKEEPING_DETAIL_TYPE]) VALUES (172, 34, CAST(N'2021-06-25' AS Date), 1, 1, 0)
INSERT [dbo].[TIMEKEEPING_DETAIL] ([TIMEKEEPING_DETAIL_ID], [TIMEKEEPING_ID], [CHECK_DATE], [SESSION], [EMPLOYEE_ID], [TIMEKEEPING_DETAIL_TYPE]) VALUES (173, 34, CAST(N'2021-06-25' AS Date), 2, 1, 0)
INSERT [dbo].[TIMEKEEPING_DETAIL] ([TIMEKEEPING_DETAIL_ID], [TIMEKEEPING_ID], [CHECK_DATE], [SESSION], [EMPLOYEE_ID], [TIMEKEEPING_DETAIL_TYPE]) VALUES (174, 34, CAST(N'2021-06-26' AS Date), 1, 1, 0)
INSERT [dbo].[TIMEKEEPING_DETAIL] ([TIMEKEEPING_DETAIL_ID], [TIMEKEEPING_ID], [CHECK_DATE], [SESSION], [EMPLOYEE_ID], [TIMEKEEPING_DETAIL_TYPE]) VALUES (175, 34, CAST(N'2021-06-28' AS Date), 1, 1, 0)
INSERT [dbo].[TIMEKEEPING_DETAIL] ([TIMEKEEPING_DETAIL_ID], [TIMEKEEPING_ID], [CHECK_DATE], [SESSION], [EMPLOYEE_ID], [TIMEKEEPING_DETAIL_TYPE]) VALUES (176, 34, CAST(N'2021-06-28' AS Date), 2, 1, 0)
INSERT [dbo].[TIMEKEEPING_DETAIL] ([TIMEKEEPING_DETAIL_ID], [TIMEKEEPING_ID], [CHECK_DATE], [SESSION], [EMPLOYEE_ID], [TIMEKEEPING_DETAIL_TYPE]) VALUES (177, 34, CAST(N'2021-06-29' AS Date), 1, 1, 0)
INSERT [dbo].[TIMEKEEPING_DETAIL] ([TIMEKEEPING_DETAIL_ID], [TIMEKEEPING_ID], [CHECK_DATE], [SESSION], [EMPLOYEE_ID], [TIMEKEEPING_DETAIL_TYPE]) VALUES (178, 34, CAST(N'2021-06-29' AS Date), 2, 1, 0)
INSERT [dbo].[TIMEKEEPING_DETAIL] ([TIMEKEEPING_DETAIL_ID], [TIMEKEEPING_ID], [CHECK_DATE], [SESSION], [EMPLOYEE_ID], [TIMEKEEPING_DETAIL_TYPE]) VALUES (179, 34, CAST(N'2021-06-30' AS Date), 1, 1, 0)
INSERT [dbo].[TIMEKEEPING_DETAIL] ([TIMEKEEPING_DETAIL_ID], [TIMEKEEPING_ID], [CHECK_DATE], [SESSION], [EMPLOYEE_ID], [TIMEKEEPING_DETAIL_TYPE]) VALUES (180, 34, CAST(N'2021-06-30' AS Date), 2, 1, 0)
INSERT [dbo].[TIMEKEEPING_DETAIL] ([TIMEKEEPING_DETAIL_ID], [TIMEKEEPING_ID], [CHECK_DATE], [SESSION], [EMPLOYEE_ID], [TIMEKEEPING_DETAIL_TYPE]) VALUES (183, 34, CAST(N'2021-06-16' AS Date), 1, 1, 3)
INSERT [dbo].[TIMEKEEPING_DETAIL] ([TIMEKEEPING_DETAIL_ID], [TIMEKEEPING_ID], [CHECK_DATE], [SESSION], [EMPLOYEE_ID], [TIMEKEEPING_DETAIL_TYPE]) VALUES (184, 35, CAST(N'2021-06-16' AS Date), 1, 4, 0)
INSERT [dbo].[TIMEKEEPING_DETAIL] ([TIMEKEEPING_DETAIL_ID], [TIMEKEEPING_ID], [CHECK_DATE], [SESSION], [EMPLOYEE_ID], [TIMEKEEPING_DETAIL_TYPE]) VALUES (185, 35, CAST(N'2021-06-16' AS Date), 2, 4, 0)
INSERT [dbo].[TIMEKEEPING_DETAIL] ([TIMEKEEPING_DETAIL_ID], [TIMEKEEPING_ID], [CHECK_DATE], [SESSION], [EMPLOYEE_ID], [TIMEKEEPING_DETAIL_TYPE]) VALUES (186, 35, CAST(N'2021-06-17' AS Date), 1, 4, 0)
INSERT [dbo].[TIMEKEEPING_DETAIL] ([TIMEKEEPING_DETAIL_ID], [TIMEKEEPING_ID], [CHECK_DATE], [SESSION], [EMPLOYEE_ID], [TIMEKEEPING_DETAIL_TYPE]) VALUES (187, 35, CAST(N'2021-06-17' AS Date), 2, 4, 0)
INSERT [dbo].[TIMEKEEPING_DETAIL] ([TIMEKEEPING_DETAIL_ID], [TIMEKEEPING_ID], [CHECK_DATE], [SESSION], [EMPLOYEE_ID], [TIMEKEEPING_DETAIL_TYPE]) VALUES (188, 35, CAST(N'2021-06-18' AS Date), 1, 4, 0)
INSERT [dbo].[TIMEKEEPING_DETAIL] ([TIMEKEEPING_DETAIL_ID], [TIMEKEEPING_ID], [CHECK_DATE], [SESSION], [EMPLOYEE_ID], [TIMEKEEPING_DETAIL_TYPE]) VALUES (189, 35, CAST(N'2021-06-18' AS Date), 2, 4, 0)
INSERT [dbo].[TIMEKEEPING_DETAIL] ([TIMEKEEPING_DETAIL_ID], [TIMEKEEPING_ID], [CHECK_DATE], [SESSION], [EMPLOYEE_ID], [TIMEKEEPING_DETAIL_TYPE]) VALUES (190, 35, CAST(N'2021-06-19' AS Date), 1, 4, 0)
INSERT [dbo].[TIMEKEEPING_DETAIL] ([TIMEKEEPING_DETAIL_ID], [TIMEKEEPING_ID], [CHECK_DATE], [SESSION], [EMPLOYEE_ID], [TIMEKEEPING_DETAIL_TYPE]) VALUES (191, 35, CAST(N'2021-06-21' AS Date), 1, 4, 0)
INSERT [dbo].[TIMEKEEPING_DETAIL] ([TIMEKEEPING_DETAIL_ID], [TIMEKEEPING_ID], [CHECK_DATE], [SESSION], [EMPLOYEE_ID], [TIMEKEEPING_DETAIL_TYPE]) VALUES (192, 35, CAST(N'2021-06-21' AS Date), 2, 4, 0)
INSERT [dbo].[TIMEKEEPING_DETAIL] ([TIMEKEEPING_DETAIL_ID], [TIMEKEEPING_ID], [CHECK_DATE], [SESSION], [EMPLOYEE_ID], [TIMEKEEPING_DETAIL_TYPE]) VALUES (193, 35, CAST(N'2021-06-22' AS Date), 1, 4, 0)
INSERT [dbo].[TIMEKEEPING_DETAIL] ([TIMEKEEPING_DETAIL_ID], [TIMEKEEPING_ID], [CHECK_DATE], [SESSION], [EMPLOYEE_ID], [TIMEKEEPING_DETAIL_TYPE]) VALUES (194, 35, CAST(N'2021-06-22' AS Date), 2, 4, 0)
INSERT [dbo].[TIMEKEEPING_DETAIL] ([TIMEKEEPING_DETAIL_ID], [TIMEKEEPING_ID], [CHECK_DATE], [SESSION], [EMPLOYEE_ID], [TIMEKEEPING_DETAIL_TYPE]) VALUES (195, 35, CAST(N'2021-06-23' AS Date), 1, 4, 0)
INSERT [dbo].[TIMEKEEPING_DETAIL] ([TIMEKEEPING_DETAIL_ID], [TIMEKEEPING_ID], [CHECK_DATE], [SESSION], [EMPLOYEE_ID], [TIMEKEEPING_DETAIL_TYPE]) VALUES (196, 35, CAST(N'2021-06-23' AS Date), 2, 4, 0)
INSERT [dbo].[TIMEKEEPING_DETAIL] ([TIMEKEEPING_DETAIL_ID], [TIMEKEEPING_ID], [CHECK_DATE], [SESSION], [EMPLOYEE_ID], [TIMEKEEPING_DETAIL_TYPE]) VALUES (197, 35, CAST(N'2021-06-24' AS Date), 1, 4, 0)
INSERT [dbo].[TIMEKEEPING_DETAIL] ([TIMEKEEPING_DETAIL_ID], [TIMEKEEPING_ID], [CHECK_DATE], [SESSION], [EMPLOYEE_ID], [TIMEKEEPING_DETAIL_TYPE]) VALUES (198, 35, CAST(N'2021-06-24' AS Date), 2, 4, 0)
INSERT [dbo].[TIMEKEEPING_DETAIL] ([TIMEKEEPING_DETAIL_ID], [TIMEKEEPING_ID], [CHECK_DATE], [SESSION], [EMPLOYEE_ID], [TIMEKEEPING_DETAIL_TYPE]) VALUES (199, 35, CAST(N'2021-06-25' AS Date), 1, 4, 0)
INSERT [dbo].[TIMEKEEPING_DETAIL] ([TIMEKEEPING_DETAIL_ID], [TIMEKEEPING_ID], [CHECK_DATE], [SESSION], [EMPLOYEE_ID], [TIMEKEEPING_DETAIL_TYPE]) VALUES (200, 35, CAST(N'2021-06-25' AS Date), 2, 4, 0)
INSERT [dbo].[TIMEKEEPING_DETAIL] ([TIMEKEEPING_DETAIL_ID], [TIMEKEEPING_ID], [CHECK_DATE], [SESSION], [EMPLOYEE_ID], [TIMEKEEPING_DETAIL_TYPE]) VALUES (201, 35, CAST(N'2021-06-26' AS Date), 1, 4, 0)
INSERT [dbo].[TIMEKEEPING_DETAIL] ([TIMEKEEPING_DETAIL_ID], [TIMEKEEPING_ID], [CHECK_DATE], [SESSION], [EMPLOYEE_ID], [TIMEKEEPING_DETAIL_TYPE]) VALUES (202, 35, CAST(N'2021-06-28' AS Date), 1, 4, 0)
INSERT [dbo].[TIMEKEEPING_DETAIL] ([TIMEKEEPING_DETAIL_ID], [TIMEKEEPING_ID], [CHECK_DATE], [SESSION], [EMPLOYEE_ID], [TIMEKEEPING_DETAIL_TYPE]) VALUES (203, 35, CAST(N'2021-06-28' AS Date), 2, 4, 0)
INSERT [dbo].[TIMEKEEPING_DETAIL] ([TIMEKEEPING_DETAIL_ID], [TIMEKEEPING_ID], [CHECK_DATE], [SESSION], [EMPLOYEE_ID], [TIMEKEEPING_DETAIL_TYPE]) VALUES (204, 35, CAST(N'2021-06-29' AS Date), 1, 4, 0)
INSERT [dbo].[TIMEKEEPING_DETAIL] ([TIMEKEEPING_DETAIL_ID], [TIMEKEEPING_ID], [CHECK_DATE], [SESSION], [EMPLOYEE_ID], [TIMEKEEPING_DETAIL_TYPE]) VALUES (205, 35, CAST(N'2021-06-29' AS Date), 2, 4, 0)
INSERT [dbo].[TIMEKEEPING_DETAIL] ([TIMEKEEPING_DETAIL_ID], [TIMEKEEPING_ID], [CHECK_DATE], [SESSION], [EMPLOYEE_ID], [TIMEKEEPING_DETAIL_TYPE]) VALUES (206, 35, CAST(N'2021-06-30' AS Date), 1, 4, 0)
INSERT [dbo].[TIMEKEEPING_DETAIL] ([TIMEKEEPING_DETAIL_ID], [TIMEKEEPING_ID], [CHECK_DATE], [SESSION], [EMPLOYEE_ID], [TIMEKEEPING_DETAIL_TYPE]) VALUES (207, 35, CAST(N'2021-06-30' AS Date), 2, 4, 0)
INSERT [dbo].[TIMEKEEPING_DETAIL] ([TIMEKEEPING_DETAIL_ID], [TIMEKEEPING_ID], [CHECK_DATE], [SESSION], [EMPLOYEE_ID], [TIMEKEEPING_DETAIL_TYPE]) VALUES (215, 37, CAST(N'2021-06-26' AS Date), 1, 8, 0)
INSERT [dbo].[TIMEKEEPING_DETAIL] ([TIMEKEEPING_DETAIL_ID], [TIMEKEEPING_ID], [CHECK_DATE], [SESSION], [EMPLOYEE_ID], [TIMEKEEPING_DETAIL_TYPE]) VALUES (216, 37, CAST(N'2021-06-28' AS Date), 1, 8, 0)
INSERT [dbo].[TIMEKEEPING_DETAIL] ([TIMEKEEPING_DETAIL_ID], [TIMEKEEPING_ID], [CHECK_DATE], [SESSION], [EMPLOYEE_ID], [TIMEKEEPING_DETAIL_TYPE]) VALUES (217, 37, CAST(N'2021-06-28' AS Date), 2, 8, 0)
INSERT [dbo].[TIMEKEEPING_DETAIL] ([TIMEKEEPING_DETAIL_ID], [TIMEKEEPING_ID], [CHECK_DATE], [SESSION], [EMPLOYEE_ID], [TIMEKEEPING_DETAIL_TYPE]) VALUES (218, 37, CAST(N'2021-06-29' AS Date), 1, 8, 0)
INSERT [dbo].[TIMEKEEPING_DETAIL] ([TIMEKEEPING_DETAIL_ID], [TIMEKEEPING_ID], [CHECK_DATE], [SESSION], [EMPLOYEE_ID], [TIMEKEEPING_DETAIL_TYPE]) VALUES (219, 37, CAST(N'2021-06-29' AS Date), 2, 8, 0)
INSERT [dbo].[TIMEKEEPING_DETAIL] ([TIMEKEEPING_DETAIL_ID], [TIMEKEEPING_ID], [CHECK_DATE], [SESSION], [EMPLOYEE_ID], [TIMEKEEPING_DETAIL_TYPE]) VALUES (220, 37, CAST(N'2021-06-30' AS Date), 1, 8, 0)
INSERT [dbo].[TIMEKEEPING_DETAIL] ([TIMEKEEPING_DETAIL_ID], [TIMEKEEPING_ID], [CHECK_DATE], [SESSION], [EMPLOYEE_ID], [TIMEKEEPING_DETAIL_TYPE]) VALUES (221, 37, CAST(N'2021-06-30' AS Date), 2, 8, 0)
INSERT [dbo].[TIMEKEEPING_DETAIL] ([TIMEKEEPING_DETAIL_ID], [TIMEKEEPING_ID], [CHECK_DATE], [SESSION], [EMPLOYEE_ID], [TIMEKEEPING_DETAIL_TYPE]) VALUES (229, 39, CAST(N'2021-06-26' AS Date), 1, 9, 0)
INSERT [dbo].[TIMEKEEPING_DETAIL] ([TIMEKEEPING_DETAIL_ID], [TIMEKEEPING_ID], [CHECK_DATE], [SESSION], [EMPLOYEE_ID], [TIMEKEEPING_DETAIL_TYPE]) VALUES (230, 39, CAST(N'2021-06-28' AS Date), 1, 9, 0)
INSERT [dbo].[TIMEKEEPING_DETAIL] ([TIMEKEEPING_DETAIL_ID], [TIMEKEEPING_ID], [CHECK_DATE], [SESSION], [EMPLOYEE_ID], [TIMEKEEPING_DETAIL_TYPE]) VALUES (231, 39, CAST(N'2021-06-28' AS Date), 2, 9, 0)
INSERT [dbo].[TIMEKEEPING_DETAIL] ([TIMEKEEPING_DETAIL_ID], [TIMEKEEPING_ID], [CHECK_DATE], [SESSION], [EMPLOYEE_ID], [TIMEKEEPING_DETAIL_TYPE]) VALUES (232, 39, CAST(N'2021-06-29' AS Date), 1, 9, 0)
INSERT [dbo].[TIMEKEEPING_DETAIL] ([TIMEKEEPING_DETAIL_ID], [TIMEKEEPING_ID], [CHECK_DATE], [SESSION], [EMPLOYEE_ID], [TIMEKEEPING_DETAIL_TYPE]) VALUES (233, 39, CAST(N'2021-06-29' AS Date), 2, 9, 0)
INSERT [dbo].[TIMEKEEPING_DETAIL] ([TIMEKEEPING_DETAIL_ID], [TIMEKEEPING_ID], [CHECK_DATE], [SESSION], [EMPLOYEE_ID], [TIMEKEEPING_DETAIL_TYPE]) VALUES (234, 39, CAST(N'2021-06-30' AS Date), 1, 9, 0)
INSERT [dbo].[TIMEKEEPING_DETAIL] ([TIMEKEEPING_DETAIL_ID], [TIMEKEEPING_ID], [CHECK_DATE], [SESSION], [EMPLOYEE_ID], [TIMEKEEPING_DETAIL_TYPE]) VALUES (235, 39, CAST(N'2021-06-30' AS Date), 2, 9, 0)
INSERT [dbo].[TIMEKEEPING_DETAIL] ([TIMEKEEPING_DETAIL_ID], [TIMEKEEPING_ID], [CHECK_DATE], [SESSION], [EMPLOYEE_ID], [TIMEKEEPING_DETAIL_TYPE]) VALUES (236, 40, CAST(N'2021-06-26' AS Date), 1, 10, 0)
INSERT [dbo].[TIMEKEEPING_DETAIL] ([TIMEKEEPING_DETAIL_ID], [TIMEKEEPING_ID], [CHECK_DATE], [SESSION], [EMPLOYEE_ID], [TIMEKEEPING_DETAIL_TYPE]) VALUES (237, 40, CAST(N'2021-06-28' AS Date), 1, 10, 0)
INSERT [dbo].[TIMEKEEPING_DETAIL] ([TIMEKEEPING_DETAIL_ID], [TIMEKEEPING_ID], [CHECK_DATE], [SESSION], [EMPLOYEE_ID], [TIMEKEEPING_DETAIL_TYPE]) VALUES (238, 40, CAST(N'2021-06-28' AS Date), 2, 10, 0)
INSERT [dbo].[TIMEKEEPING_DETAIL] ([TIMEKEEPING_DETAIL_ID], [TIMEKEEPING_ID], [CHECK_DATE], [SESSION], [EMPLOYEE_ID], [TIMEKEEPING_DETAIL_TYPE]) VALUES (239, 40, CAST(N'2021-06-29' AS Date), 1, 10, 0)
INSERT [dbo].[TIMEKEEPING_DETAIL] ([TIMEKEEPING_DETAIL_ID], [TIMEKEEPING_ID], [CHECK_DATE], [SESSION], [EMPLOYEE_ID], [TIMEKEEPING_DETAIL_TYPE]) VALUES (240, 40, CAST(N'2021-06-29' AS Date), 2, 10, 0)
INSERT [dbo].[TIMEKEEPING_DETAIL] ([TIMEKEEPING_DETAIL_ID], [TIMEKEEPING_ID], [CHECK_DATE], [SESSION], [EMPLOYEE_ID], [TIMEKEEPING_DETAIL_TYPE]) VALUES (241, 40, CAST(N'2021-06-30' AS Date), 1, 10, 0)
INSERT [dbo].[TIMEKEEPING_DETAIL] ([TIMEKEEPING_DETAIL_ID], [TIMEKEEPING_ID], [CHECK_DATE], [SESSION], [EMPLOYEE_ID], [TIMEKEEPING_DETAIL_TYPE]) VALUES (242, 40, CAST(N'2021-06-30' AS Date), 2, 10, 0)
INSERT [dbo].[TIMEKEEPING_DETAIL] ([TIMEKEEPING_DETAIL_ID], [TIMEKEEPING_ID], [CHECK_DATE], [SESSION], [EMPLOYEE_ID], [TIMEKEEPING_DETAIL_TYPE]) VALUES (243, 41, CAST(N'2021-06-26' AS Date), 1, 11, 0)
INSERT [dbo].[TIMEKEEPING_DETAIL] ([TIMEKEEPING_DETAIL_ID], [TIMEKEEPING_ID], [CHECK_DATE], [SESSION], [EMPLOYEE_ID], [TIMEKEEPING_DETAIL_TYPE]) VALUES (244, 41, CAST(N'2021-06-28' AS Date), 1, 11, 0)
INSERT [dbo].[TIMEKEEPING_DETAIL] ([TIMEKEEPING_DETAIL_ID], [TIMEKEEPING_ID], [CHECK_DATE], [SESSION], [EMPLOYEE_ID], [TIMEKEEPING_DETAIL_TYPE]) VALUES (245, 41, CAST(N'2021-06-28' AS Date), 2, 11, 0)
INSERT [dbo].[TIMEKEEPING_DETAIL] ([TIMEKEEPING_DETAIL_ID], [TIMEKEEPING_ID], [CHECK_DATE], [SESSION], [EMPLOYEE_ID], [TIMEKEEPING_DETAIL_TYPE]) VALUES (246, 41, CAST(N'2021-06-29' AS Date), 1, 11, 0)
INSERT [dbo].[TIMEKEEPING_DETAIL] ([TIMEKEEPING_DETAIL_ID], [TIMEKEEPING_ID], [CHECK_DATE], [SESSION], [EMPLOYEE_ID], [TIMEKEEPING_DETAIL_TYPE]) VALUES (247, 41, CAST(N'2021-06-29' AS Date), 2, 11, 0)
INSERT [dbo].[TIMEKEEPING_DETAIL] ([TIMEKEEPING_DETAIL_ID], [TIMEKEEPING_ID], [CHECK_DATE], [SESSION], [EMPLOYEE_ID], [TIMEKEEPING_DETAIL_TYPE]) VALUES (248, 41, CAST(N'2021-06-30' AS Date), 1, 11, 0)
INSERT [dbo].[TIMEKEEPING_DETAIL] ([TIMEKEEPING_DETAIL_ID], [TIMEKEEPING_ID], [CHECK_DATE], [SESSION], [EMPLOYEE_ID], [TIMEKEEPING_DETAIL_TYPE]) VALUES (249, 41, CAST(N'2021-06-30' AS Date), 2, 11, 0)
INSERT [dbo].[TIMEKEEPING_DETAIL] ([TIMEKEEPING_DETAIL_ID], [TIMEKEEPING_ID], [CHECK_DATE], [SESSION], [EMPLOYEE_ID], [TIMEKEEPING_DETAIL_TYPE]) VALUES (250, 42, CAST(N'2021-06-26' AS Date), 1, 12, 0)
INSERT [dbo].[TIMEKEEPING_DETAIL] ([TIMEKEEPING_DETAIL_ID], [TIMEKEEPING_ID], [CHECK_DATE], [SESSION], [EMPLOYEE_ID], [TIMEKEEPING_DETAIL_TYPE]) VALUES (251, 42, CAST(N'2021-06-28' AS Date), 1, 12, 0)
INSERT [dbo].[TIMEKEEPING_DETAIL] ([TIMEKEEPING_DETAIL_ID], [TIMEKEEPING_ID], [CHECK_DATE], [SESSION], [EMPLOYEE_ID], [TIMEKEEPING_DETAIL_TYPE]) VALUES (252, 42, CAST(N'2021-06-28' AS Date), 2, 12, 0)
INSERT [dbo].[TIMEKEEPING_DETAIL] ([TIMEKEEPING_DETAIL_ID], [TIMEKEEPING_ID], [CHECK_DATE], [SESSION], [EMPLOYEE_ID], [TIMEKEEPING_DETAIL_TYPE]) VALUES (253, 42, CAST(N'2021-06-29' AS Date), 1, 12, 0)
INSERT [dbo].[TIMEKEEPING_DETAIL] ([TIMEKEEPING_DETAIL_ID], [TIMEKEEPING_ID], [CHECK_DATE], [SESSION], [EMPLOYEE_ID], [TIMEKEEPING_DETAIL_TYPE]) VALUES (254, 42, CAST(N'2021-06-29' AS Date), 2, 12, 0)
INSERT [dbo].[TIMEKEEPING_DETAIL] ([TIMEKEEPING_DETAIL_ID], [TIMEKEEPING_ID], [CHECK_DATE], [SESSION], [EMPLOYEE_ID], [TIMEKEEPING_DETAIL_TYPE]) VALUES (255, 42, CAST(N'2021-06-30' AS Date), 1, 12, 0)
INSERT [dbo].[TIMEKEEPING_DETAIL] ([TIMEKEEPING_DETAIL_ID], [TIMEKEEPING_ID], [CHECK_DATE], [SESSION], [EMPLOYEE_ID], [TIMEKEEPING_DETAIL_TYPE]) VALUES (256, 42, CAST(N'2021-06-30' AS Date), 2, 12, 0)
INSERT [dbo].[TIMEKEEPING_DETAIL] ([TIMEKEEPING_DETAIL_ID], [TIMEKEEPING_ID], [CHECK_DATE], [SESSION], [EMPLOYEE_ID], [TIMEKEEPING_DETAIL_TYPE]) VALUES (257, 43, CAST(N'2021-06-26' AS Date), 1, 13, 0)
INSERT [dbo].[TIMEKEEPING_DETAIL] ([TIMEKEEPING_DETAIL_ID], [TIMEKEEPING_ID], [CHECK_DATE], [SESSION], [EMPLOYEE_ID], [TIMEKEEPING_DETAIL_TYPE]) VALUES (258, 43, CAST(N'2021-06-28' AS Date), 1, 13, 0)
INSERT [dbo].[TIMEKEEPING_DETAIL] ([TIMEKEEPING_DETAIL_ID], [TIMEKEEPING_ID], [CHECK_DATE], [SESSION], [EMPLOYEE_ID], [TIMEKEEPING_DETAIL_TYPE]) VALUES (259, 43, CAST(N'2021-06-28' AS Date), 2, 13, 0)
INSERT [dbo].[TIMEKEEPING_DETAIL] ([TIMEKEEPING_DETAIL_ID], [TIMEKEEPING_ID], [CHECK_DATE], [SESSION], [EMPLOYEE_ID], [TIMEKEEPING_DETAIL_TYPE]) VALUES (260, 43, CAST(N'2021-06-29' AS Date), 1, 13, 0)
INSERT [dbo].[TIMEKEEPING_DETAIL] ([TIMEKEEPING_DETAIL_ID], [TIMEKEEPING_ID], [CHECK_DATE], [SESSION], [EMPLOYEE_ID], [TIMEKEEPING_DETAIL_TYPE]) VALUES (261, 43, CAST(N'2021-06-29' AS Date), 2, 13, 0)
INSERT [dbo].[TIMEKEEPING_DETAIL] ([TIMEKEEPING_DETAIL_ID], [TIMEKEEPING_ID], [CHECK_DATE], [SESSION], [EMPLOYEE_ID], [TIMEKEEPING_DETAIL_TYPE]) VALUES (262, 43, CAST(N'2021-06-30' AS Date), 1, 13, 0)
INSERT [dbo].[TIMEKEEPING_DETAIL] ([TIMEKEEPING_DETAIL_ID], [TIMEKEEPING_ID], [CHECK_DATE], [SESSION], [EMPLOYEE_ID], [TIMEKEEPING_DETAIL_TYPE]) VALUES (263, 43, CAST(N'2021-06-30' AS Date), 2, 13, 0)
INSERT [dbo].[TIMEKEEPING_DETAIL] ([TIMEKEEPING_DETAIL_ID], [TIMEKEEPING_ID], [CHECK_DATE], [SESSION], [EMPLOYEE_ID], [TIMEKEEPING_DETAIL_TYPE]) VALUES (264, 44, CAST(N'2021-06-26' AS Date), 1, 14, 0)
GO
INSERT [dbo].[TIMEKEEPING_DETAIL] ([TIMEKEEPING_DETAIL_ID], [TIMEKEEPING_ID], [CHECK_DATE], [SESSION], [EMPLOYEE_ID], [TIMEKEEPING_DETAIL_TYPE]) VALUES (265, 44, CAST(N'2021-06-28' AS Date), 1, 14, 0)
INSERT [dbo].[TIMEKEEPING_DETAIL] ([TIMEKEEPING_DETAIL_ID], [TIMEKEEPING_ID], [CHECK_DATE], [SESSION], [EMPLOYEE_ID], [TIMEKEEPING_DETAIL_TYPE]) VALUES (266, 44, CAST(N'2021-06-28' AS Date), 2, 14, 0)
INSERT [dbo].[TIMEKEEPING_DETAIL] ([TIMEKEEPING_DETAIL_ID], [TIMEKEEPING_ID], [CHECK_DATE], [SESSION], [EMPLOYEE_ID], [TIMEKEEPING_DETAIL_TYPE]) VALUES (267, 44, CAST(N'2021-06-29' AS Date), 1, 14, 0)
INSERT [dbo].[TIMEKEEPING_DETAIL] ([TIMEKEEPING_DETAIL_ID], [TIMEKEEPING_ID], [CHECK_DATE], [SESSION], [EMPLOYEE_ID], [TIMEKEEPING_DETAIL_TYPE]) VALUES (268, 44, CAST(N'2021-06-29' AS Date), 2, 14, 0)
INSERT [dbo].[TIMEKEEPING_DETAIL] ([TIMEKEEPING_DETAIL_ID], [TIMEKEEPING_ID], [CHECK_DATE], [SESSION], [EMPLOYEE_ID], [TIMEKEEPING_DETAIL_TYPE]) VALUES (269, 44, CAST(N'2021-06-30' AS Date), 1, 14, 0)
INSERT [dbo].[TIMEKEEPING_DETAIL] ([TIMEKEEPING_DETAIL_ID], [TIMEKEEPING_ID], [CHECK_DATE], [SESSION], [EMPLOYEE_ID], [TIMEKEEPING_DETAIL_TYPE]) VALUES (270, 44, CAST(N'2021-06-30' AS Date), 2, 14, 0)
INSERT [dbo].[TIMEKEEPING_DETAIL] ([TIMEKEEPING_DETAIL_ID], [TIMEKEEPING_ID], [CHECK_DATE], [SESSION], [EMPLOYEE_ID], [TIMEKEEPING_DETAIL_TYPE]) VALUES (271, 45, CAST(N'2021-06-26' AS Date), 1, 15, 0)
INSERT [dbo].[TIMEKEEPING_DETAIL] ([TIMEKEEPING_DETAIL_ID], [TIMEKEEPING_ID], [CHECK_DATE], [SESSION], [EMPLOYEE_ID], [TIMEKEEPING_DETAIL_TYPE]) VALUES (272, 45, CAST(N'2021-06-28' AS Date), 1, 15, 0)
INSERT [dbo].[TIMEKEEPING_DETAIL] ([TIMEKEEPING_DETAIL_ID], [TIMEKEEPING_ID], [CHECK_DATE], [SESSION], [EMPLOYEE_ID], [TIMEKEEPING_DETAIL_TYPE]) VALUES (273, 45, CAST(N'2021-06-28' AS Date), 2, 15, 0)
INSERT [dbo].[TIMEKEEPING_DETAIL] ([TIMEKEEPING_DETAIL_ID], [TIMEKEEPING_ID], [CHECK_DATE], [SESSION], [EMPLOYEE_ID], [TIMEKEEPING_DETAIL_TYPE]) VALUES (274, 45, CAST(N'2021-06-29' AS Date), 1, 15, 0)
INSERT [dbo].[TIMEKEEPING_DETAIL] ([TIMEKEEPING_DETAIL_ID], [TIMEKEEPING_ID], [CHECK_DATE], [SESSION], [EMPLOYEE_ID], [TIMEKEEPING_DETAIL_TYPE]) VALUES (275, 45, CAST(N'2021-06-29' AS Date), 2, 15, 0)
INSERT [dbo].[TIMEKEEPING_DETAIL] ([TIMEKEEPING_DETAIL_ID], [TIMEKEEPING_ID], [CHECK_DATE], [SESSION], [EMPLOYEE_ID], [TIMEKEEPING_DETAIL_TYPE]) VALUES (276, 45, CAST(N'2021-06-30' AS Date), 1, 15, 0)
INSERT [dbo].[TIMEKEEPING_DETAIL] ([TIMEKEEPING_DETAIL_ID], [TIMEKEEPING_ID], [CHECK_DATE], [SESSION], [EMPLOYEE_ID], [TIMEKEEPING_DETAIL_TYPE]) VALUES (277, 45, CAST(N'2021-06-30' AS Date), 2, 15, 0)
INSERT [dbo].[TIMEKEEPING_DETAIL] ([TIMEKEEPING_DETAIL_ID], [TIMEKEEPING_ID], [CHECK_DATE], [SESSION], [EMPLOYEE_ID], [TIMEKEEPING_DETAIL_TYPE]) VALUES (278, 46, CAST(N'2021-06-28' AS Date), 1, 16, 0)
INSERT [dbo].[TIMEKEEPING_DETAIL] ([TIMEKEEPING_DETAIL_ID], [TIMEKEEPING_ID], [CHECK_DATE], [SESSION], [EMPLOYEE_ID], [TIMEKEEPING_DETAIL_TYPE]) VALUES (279, 46, CAST(N'2021-06-28' AS Date), 2, 16, 0)
INSERT [dbo].[TIMEKEEPING_DETAIL] ([TIMEKEEPING_DETAIL_ID], [TIMEKEEPING_ID], [CHECK_DATE], [SESSION], [EMPLOYEE_ID], [TIMEKEEPING_DETAIL_TYPE]) VALUES (280, 46, CAST(N'2021-06-29' AS Date), 1, 16, 0)
INSERT [dbo].[TIMEKEEPING_DETAIL] ([TIMEKEEPING_DETAIL_ID], [TIMEKEEPING_ID], [CHECK_DATE], [SESSION], [EMPLOYEE_ID], [TIMEKEEPING_DETAIL_TYPE]) VALUES (281, 46, CAST(N'2021-06-29' AS Date), 2, 16, 0)
INSERT [dbo].[TIMEKEEPING_DETAIL] ([TIMEKEEPING_DETAIL_ID], [TIMEKEEPING_ID], [CHECK_DATE], [SESSION], [EMPLOYEE_ID], [TIMEKEEPING_DETAIL_TYPE]) VALUES (282, 46, CAST(N'2021-06-30' AS Date), 1, 16, 0)
INSERT [dbo].[TIMEKEEPING_DETAIL] ([TIMEKEEPING_DETAIL_ID], [TIMEKEEPING_ID], [CHECK_DATE], [SESSION], [EMPLOYEE_ID], [TIMEKEEPING_DETAIL_TYPE]) VALUES (283, 46, CAST(N'2021-06-30' AS Date), 2, 16, 0)
INSERT [dbo].[TIMEKEEPING_DETAIL] ([TIMEKEEPING_DETAIL_ID], [TIMEKEEPING_ID], [CHECK_DATE], [SESSION], [EMPLOYEE_ID], [TIMEKEEPING_DETAIL_TYPE]) VALUES (284, 47, CAST(N'2021-06-28' AS Date), 1, 18, 0)
INSERT [dbo].[TIMEKEEPING_DETAIL] ([TIMEKEEPING_DETAIL_ID], [TIMEKEEPING_ID], [CHECK_DATE], [SESSION], [EMPLOYEE_ID], [TIMEKEEPING_DETAIL_TYPE]) VALUES (285, 47, CAST(N'2021-06-28' AS Date), 2, 18, 0)
INSERT [dbo].[TIMEKEEPING_DETAIL] ([TIMEKEEPING_DETAIL_ID], [TIMEKEEPING_ID], [CHECK_DATE], [SESSION], [EMPLOYEE_ID], [TIMEKEEPING_DETAIL_TYPE]) VALUES (286, 47, CAST(N'2021-06-29' AS Date), 1, 18, 0)
INSERT [dbo].[TIMEKEEPING_DETAIL] ([TIMEKEEPING_DETAIL_ID], [TIMEKEEPING_ID], [CHECK_DATE], [SESSION], [EMPLOYEE_ID], [TIMEKEEPING_DETAIL_TYPE]) VALUES (287, 47, CAST(N'2021-06-29' AS Date), 2, 18, 0)
INSERT [dbo].[TIMEKEEPING_DETAIL] ([TIMEKEEPING_DETAIL_ID], [TIMEKEEPING_ID], [CHECK_DATE], [SESSION], [EMPLOYEE_ID], [TIMEKEEPING_DETAIL_TYPE]) VALUES (288, 47, CAST(N'2021-06-30' AS Date), 1, 18, 0)
INSERT [dbo].[TIMEKEEPING_DETAIL] ([TIMEKEEPING_DETAIL_ID], [TIMEKEEPING_ID], [CHECK_DATE], [SESSION], [EMPLOYEE_ID], [TIMEKEEPING_DETAIL_TYPE]) VALUES (289, 47, CAST(N'2021-06-30' AS Date), 2, 18, 0)
INSERT [dbo].[TIMEKEEPING_DETAIL] ([TIMEKEEPING_DETAIL_ID], [TIMEKEEPING_ID], [CHECK_DATE], [SESSION], [EMPLOYEE_ID], [TIMEKEEPING_DETAIL_TYPE]) VALUES (290, 48, CAST(N'2021-06-28' AS Date), 1, 19, 0)
INSERT [dbo].[TIMEKEEPING_DETAIL] ([TIMEKEEPING_DETAIL_ID], [TIMEKEEPING_ID], [CHECK_DATE], [SESSION], [EMPLOYEE_ID], [TIMEKEEPING_DETAIL_TYPE]) VALUES (291, 48, CAST(N'2021-06-28' AS Date), 2, 19, 0)
INSERT [dbo].[TIMEKEEPING_DETAIL] ([TIMEKEEPING_DETAIL_ID], [TIMEKEEPING_ID], [CHECK_DATE], [SESSION], [EMPLOYEE_ID], [TIMEKEEPING_DETAIL_TYPE]) VALUES (292, 48, CAST(N'2021-06-29' AS Date), 1, 19, 0)
INSERT [dbo].[TIMEKEEPING_DETAIL] ([TIMEKEEPING_DETAIL_ID], [TIMEKEEPING_ID], [CHECK_DATE], [SESSION], [EMPLOYEE_ID], [TIMEKEEPING_DETAIL_TYPE]) VALUES (293, 48, CAST(N'2021-06-29' AS Date), 2, 19, 0)
INSERT [dbo].[TIMEKEEPING_DETAIL] ([TIMEKEEPING_DETAIL_ID], [TIMEKEEPING_ID], [CHECK_DATE], [SESSION], [EMPLOYEE_ID], [TIMEKEEPING_DETAIL_TYPE]) VALUES (294, 48, CAST(N'2021-06-30' AS Date), 1, 19, 0)
INSERT [dbo].[TIMEKEEPING_DETAIL] ([TIMEKEEPING_DETAIL_ID], [TIMEKEEPING_ID], [CHECK_DATE], [SESSION], [EMPLOYEE_ID], [TIMEKEEPING_DETAIL_TYPE]) VALUES (295, 48, CAST(N'2021-06-30' AS Date), 2, 19, 0)
INSERT [dbo].[TIMEKEEPING_DETAIL] ([TIMEKEEPING_DETAIL_ID], [TIMEKEEPING_ID], [CHECK_DATE], [SESSION], [EMPLOYEE_ID], [TIMEKEEPING_DETAIL_TYPE]) VALUES (296, 49, CAST(N'2021-06-28' AS Date), 1, 20, 0)
INSERT [dbo].[TIMEKEEPING_DETAIL] ([TIMEKEEPING_DETAIL_ID], [TIMEKEEPING_ID], [CHECK_DATE], [SESSION], [EMPLOYEE_ID], [TIMEKEEPING_DETAIL_TYPE]) VALUES (297, 49, CAST(N'2021-06-28' AS Date), 2, 20, 0)
INSERT [dbo].[TIMEKEEPING_DETAIL] ([TIMEKEEPING_DETAIL_ID], [TIMEKEEPING_ID], [CHECK_DATE], [SESSION], [EMPLOYEE_ID], [TIMEKEEPING_DETAIL_TYPE]) VALUES (298, 49, CAST(N'2021-06-29' AS Date), 1, 20, 0)
INSERT [dbo].[TIMEKEEPING_DETAIL] ([TIMEKEEPING_DETAIL_ID], [TIMEKEEPING_ID], [CHECK_DATE], [SESSION], [EMPLOYEE_ID], [TIMEKEEPING_DETAIL_TYPE]) VALUES (299, 49, CAST(N'2021-06-29' AS Date), 2, 20, 0)
INSERT [dbo].[TIMEKEEPING_DETAIL] ([TIMEKEEPING_DETAIL_ID], [TIMEKEEPING_ID], [CHECK_DATE], [SESSION], [EMPLOYEE_ID], [TIMEKEEPING_DETAIL_TYPE]) VALUES (300, 49, CAST(N'2021-06-30' AS Date), 1, 20, 0)
INSERT [dbo].[TIMEKEEPING_DETAIL] ([TIMEKEEPING_DETAIL_ID], [TIMEKEEPING_ID], [CHECK_DATE], [SESSION], [EMPLOYEE_ID], [TIMEKEEPING_DETAIL_TYPE]) VALUES (301, 49, CAST(N'2021-06-30' AS Date), 2, 20, 0)
INSERT [dbo].[TIMEKEEPING_DETAIL] ([TIMEKEEPING_DETAIL_ID], [TIMEKEEPING_ID], [CHECK_DATE], [SESSION], [EMPLOYEE_ID], [TIMEKEEPING_DETAIL_TYPE]) VALUES (302, 50, CAST(N'2021-06-28' AS Date), 1, 21, 0)
INSERT [dbo].[TIMEKEEPING_DETAIL] ([TIMEKEEPING_DETAIL_ID], [TIMEKEEPING_ID], [CHECK_DATE], [SESSION], [EMPLOYEE_ID], [TIMEKEEPING_DETAIL_TYPE]) VALUES (303, 50, CAST(N'2021-06-28' AS Date), 2, 21, 0)
INSERT [dbo].[TIMEKEEPING_DETAIL] ([TIMEKEEPING_DETAIL_ID], [TIMEKEEPING_ID], [CHECK_DATE], [SESSION], [EMPLOYEE_ID], [TIMEKEEPING_DETAIL_TYPE]) VALUES (304, 50, CAST(N'2021-06-29' AS Date), 1, 21, 0)
INSERT [dbo].[TIMEKEEPING_DETAIL] ([TIMEKEEPING_DETAIL_ID], [TIMEKEEPING_ID], [CHECK_DATE], [SESSION], [EMPLOYEE_ID], [TIMEKEEPING_DETAIL_TYPE]) VALUES (305, 50, CAST(N'2021-06-29' AS Date), 2, 21, 0)
INSERT [dbo].[TIMEKEEPING_DETAIL] ([TIMEKEEPING_DETAIL_ID], [TIMEKEEPING_ID], [CHECK_DATE], [SESSION], [EMPLOYEE_ID], [TIMEKEEPING_DETAIL_TYPE]) VALUES (306, 50, CAST(N'2021-06-30' AS Date), 1, 21, 0)
INSERT [dbo].[TIMEKEEPING_DETAIL] ([TIMEKEEPING_DETAIL_ID], [TIMEKEEPING_ID], [CHECK_DATE], [SESSION], [EMPLOYEE_ID], [TIMEKEEPING_DETAIL_TYPE]) VALUES (307, 50, CAST(N'2021-06-30' AS Date), 2, 21, 0)
INSERT [dbo].[TIMEKEEPING_DETAIL] ([TIMEKEEPING_DETAIL_ID], [TIMEKEEPING_ID], [CHECK_DATE], [SESSION], [EMPLOYEE_ID], [TIMEKEEPING_DETAIL_TYPE]) VALUES (308, 51, CAST(N'2021-06-28' AS Date), 1, 22, 0)
INSERT [dbo].[TIMEKEEPING_DETAIL] ([TIMEKEEPING_DETAIL_ID], [TIMEKEEPING_ID], [CHECK_DATE], [SESSION], [EMPLOYEE_ID], [TIMEKEEPING_DETAIL_TYPE]) VALUES (309, 51, CAST(N'2021-06-28' AS Date), 2, 22, 0)
INSERT [dbo].[TIMEKEEPING_DETAIL] ([TIMEKEEPING_DETAIL_ID], [TIMEKEEPING_ID], [CHECK_DATE], [SESSION], [EMPLOYEE_ID], [TIMEKEEPING_DETAIL_TYPE]) VALUES (310, 51, CAST(N'2021-06-29' AS Date), 1, 22, 0)
INSERT [dbo].[TIMEKEEPING_DETAIL] ([TIMEKEEPING_DETAIL_ID], [TIMEKEEPING_ID], [CHECK_DATE], [SESSION], [EMPLOYEE_ID], [TIMEKEEPING_DETAIL_TYPE]) VALUES (311, 51, CAST(N'2021-06-29' AS Date), 2, 22, 0)
INSERT [dbo].[TIMEKEEPING_DETAIL] ([TIMEKEEPING_DETAIL_ID], [TIMEKEEPING_ID], [CHECK_DATE], [SESSION], [EMPLOYEE_ID], [TIMEKEEPING_DETAIL_TYPE]) VALUES (312, 51, CAST(N'2021-06-30' AS Date), 1, 22, 0)
INSERT [dbo].[TIMEKEEPING_DETAIL] ([TIMEKEEPING_DETAIL_ID], [TIMEKEEPING_ID], [CHECK_DATE], [SESSION], [EMPLOYEE_ID], [TIMEKEEPING_DETAIL_TYPE]) VALUES (313, 51, CAST(N'2021-06-30' AS Date), 2, 22, 0)
INSERT [dbo].[TIMEKEEPING_DETAIL] ([TIMEKEEPING_DETAIL_ID], [TIMEKEEPING_ID], [CHECK_DATE], [SESSION], [EMPLOYEE_ID], [TIMEKEEPING_DETAIL_TYPE]) VALUES (314, 52, CAST(N'2021-06-28' AS Date), 1, 23, 0)
INSERT [dbo].[TIMEKEEPING_DETAIL] ([TIMEKEEPING_DETAIL_ID], [TIMEKEEPING_ID], [CHECK_DATE], [SESSION], [EMPLOYEE_ID], [TIMEKEEPING_DETAIL_TYPE]) VALUES (315, 52, CAST(N'2021-06-28' AS Date), 2, 23, 0)
INSERT [dbo].[TIMEKEEPING_DETAIL] ([TIMEKEEPING_DETAIL_ID], [TIMEKEEPING_ID], [CHECK_DATE], [SESSION], [EMPLOYEE_ID], [TIMEKEEPING_DETAIL_TYPE]) VALUES (316, 52, CAST(N'2021-06-29' AS Date), 1, 23, 0)
INSERT [dbo].[TIMEKEEPING_DETAIL] ([TIMEKEEPING_DETAIL_ID], [TIMEKEEPING_ID], [CHECK_DATE], [SESSION], [EMPLOYEE_ID], [TIMEKEEPING_DETAIL_TYPE]) VALUES (317, 52, CAST(N'2021-06-29' AS Date), 2, 23, 0)
INSERT [dbo].[TIMEKEEPING_DETAIL] ([TIMEKEEPING_DETAIL_ID], [TIMEKEEPING_ID], [CHECK_DATE], [SESSION], [EMPLOYEE_ID], [TIMEKEEPING_DETAIL_TYPE]) VALUES (318, 52, CAST(N'2021-06-30' AS Date), 1, 23, 0)
INSERT [dbo].[TIMEKEEPING_DETAIL] ([TIMEKEEPING_DETAIL_ID], [TIMEKEEPING_ID], [CHECK_DATE], [SESSION], [EMPLOYEE_ID], [TIMEKEEPING_DETAIL_TYPE]) VALUES (319, 52, CAST(N'2021-06-30' AS Date), 2, 23, 0)
INSERT [dbo].[TIMEKEEPING_DETAIL] ([TIMEKEEPING_DETAIL_ID], [TIMEKEEPING_ID], [CHECK_DATE], [SESSION], [EMPLOYEE_ID], [TIMEKEEPING_DETAIL_TYPE]) VALUES (320, 53, CAST(N'2021-06-28' AS Date), 1, 25, 0)
INSERT [dbo].[TIMEKEEPING_DETAIL] ([TIMEKEEPING_DETAIL_ID], [TIMEKEEPING_ID], [CHECK_DATE], [SESSION], [EMPLOYEE_ID], [TIMEKEEPING_DETAIL_TYPE]) VALUES (321, 53, CAST(N'2021-06-28' AS Date), 2, 25, 0)
INSERT [dbo].[TIMEKEEPING_DETAIL] ([TIMEKEEPING_DETAIL_ID], [TIMEKEEPING_ID], [CHECK_DATE], [SESSION], [EMPLOYEE_ID], [TIMEKEEPING_DETAIL_TYPE]) VALUES (322, 53, CAST(N'2021-06-29' AS Date), 1, 25, 0)
INSERT [dbo].[TIMEKEEPING_DETAIL] ([TIMEKEEPING_DETAIL_ID], [TIMEKEEPING_ID], [CHECK_DATE], [SESSION], [EMPLOYEE_ID], [TIMEKEEPING_DETAIL_TYPE]) VALUES (323, 53, CAST(N'2021-06-29' AS Date), 2, 25, 0)
INSERT [dbo].[TIMEKEEPING_DETAIL] ([TIMEKEEPING_DETAIL_ID], [TIMEKEEPING_ID], [CHECK_DATE], [SESSION], [EMPLOYEE_ID], [TIMEKEEPING_DETAIL_TYPE]) VALUES (324, 53, CAST(N'2021-06-30' AS Date), 1, 25, 0)
INSERT [dbo].[TIMEKEEPING_DETAIL] ([TIMEKEEPING_DETAIL_ID], [TIMEKEEPING_ID], [CHECK_DATE], [SESSION], [EMPLOYEE_ID], [TIMEKEEPING_DETAIL_TYPE]) VALUES (325, 53, CAST(N'2021-06-30' AS Date), 2, 25, 0)
INSERT [dbo].[TIMEKEEPING_DETAIL] ([TIMEKEEPING_DETAIL_ID], [TIMEKEEPING_ID], [CHECK_DATE], [SESSION], [EMPLOYEE_ID], [TIMEKEEPING_DETAIL_TYPE]) VALUES (326, 54, CAST(N'2021-06-28' AS Date), 1, 26, 0)
INSERT [dbo].[TIMEKEEPING_DETAIL] ([TIMEKEEPING_DETAIL_ID], [TIMEKEEPING_ID], [CHECK_DATE], [SESSION], [EMPLOYEE_ID], [TIMEKEEPING_DETAIL_TYPE]) VALUES (327, 54, CAST(N'2021-06-28' AS Date), 2, 26, 0)
INSERT [dbo].[TIMEKEEPING_DETAIL] ([TIMEKEEPING_DETAIL_ID], [TIMEKEEPING_ID], [CHECK_DATE], [SESSION], [EMPLOYEE_ID], [TIMEKEEPING_DETAIL_TYPE]) VALUES (328, 54, CAST(N'2021-06-29' AS Date), 1, 26, 0)
INSERT [dbo].[TIMEKEEPING_DETAIL] ([TIMEKEEPING_DETAIL_ID], [TIMEKEEPING_ID], [CHECK_DATE], [SESSION], [EMPLOYEE_ID], [TIMEKEEPING_DETAIL_TYPE]) VALUES (329, 54, CAST(N'2021-06-29' AS Date), 2, 26, 0)
INSERT [dbo].[TIMEKEEPING_DETAIL] ([TIMEKEEPING_DETAIL_ID], [TIMEKEEPING_ID], [CHECK_DATE], [SESSION], [EMPLOYEE_ID], [TIMEKEEPING_DETAIL_TYPE]) VALUES (330, 54, CAST(N'2021-06-30' AS Date), 1, 26, 0)
INSERT [dbo].[TIMEKEEPING_DETAIL] ([TIMEKEEPING_DETAIL_ID], [TIMEKEEPING_ID], [CHECK_DATE], [SESSION], [EMPLOYEE_ID], [TIMEKEEPING_DETAIL_TYPE]) VALUES (331, 54, CAST(N'2021-06-30' AS Date), 2, 26, 0)
INSERT [dbo].[TIMEKEEPING_DETAIL] ([TIMEKEEPING_DETAIL_ID], [TIMEKEEPING_ID], [CHECK_DATE], [SESSION], [EMPLOYEE_ID], [TIMEKEEPING_DETAIL_TYPE]) VALUES (332, 55, CAST(N'2021-06-28' AS Date), 1, 27, 0)
INSERT [dbo].[TIMEKEEPING_DETAIL] ([TIMEKEEPING_DETAIL_ID], [TIMEKEEPING_ID], [CHECK_DATE], [SESSION], [EMPLOYEE_ID], [TIMEKEEPING_DETAIL_TYPE]) VALUES (333, 55, CAST(N'2021-06-28' AS Date), 2, 27, 0)
INSERT [dbo].[TIMEKEEPING_DETAIL] ([TIMEKEEPING_DETAIL_ID], [TIMEKEEPING_ID], [CHECK_DATE], [SESSION], [EMPLOYEE_ID], [TIMEKEEPING_DETAIL_TYPE]) VALUES (334, 55, CAST(N'2021-06-29' AS Date), 1, 27, 0)
INSERT [dbo].[TIMEKEEPING_DETAIL] ([TIMEKEEPING_DETAIL_ID], [TIMEKEEPING_ID], [CHECK_DATE], [SESSION], [EMPLOYEE_ID], [TIMEKEEPING_DETAIL_TYPE]) VALUES (335, 55, CAST(N'2021-06-29' AS Date), 2, 27, 0)
INSERT [dbo].[TIMEKEEPING_DETAIL] ([TIMEKEEPING_DETAIL_ID], [TIMEKEEPING_ID], [CHECK_DATE], [SESSION], [EMPLOYEE_ID], [TIMEKEEPING_DETAIL_TYPE]) VALUES (336, 55, CAST(N'2021-06-30' AS Date), 1, 27, 0)
INSERT [dbo].[TIMEKEEPING_DETAIL] ([TIMEKEEPING_DETAIL_ID], [TIMEKEEPING_ID], [CHECK_DATE], [SESSION], [EMPLOYEE_ID], [TIMEKEEPING_DETAIL_TYPE]) VALUES (337, 55, CAST(N'2021-06-30' AS Date), 2, 27, 0)
INSERT [dbo].[TIMEKEEPING_DETAIL] ([TIMEKEEPING_DETAIL_ID], [TIMEKEEPING_ID], [CHECK_DATE], [SESSION], [EMPLOYEE_ID], [TIMEKEEPING_DETAIL_TYPE]) VALUES (338, 56, CAST(N'2021-06-28' AS Date), 1, 28, 0)
INSERT [dbo].[TIMEKEEPING_DETAIL] ([TIMEKEEPING_DETAIL_ID], [TIMEKEEPING_ID], [CHECK_DATE], [SESSION], [EMPLOYEE_ID], [TIMEKEEPING_DETAIL_TYPE]) VALUES (339, 56, CAST(N'2021-06-28' AS Date), 2, 28, 0)
INSERT [dbo].[TIMEKEEPING_DETAIL] ([TIMEKEEPING_DETAIL_ID], [TIMEKEEPING_ID], [CHECK_DATE], [SESSION], [EMPLOYEE_ID], [TIMEKEEPING_DETAIL_TYPE]) VALUES (340, 56, CAST(N'2021-06-29' AS Date), 1, 28, 0)
INSERT [dbo].[TIMEKEEPING_DETAIL] ([TIMEKEEPING_DETAIL_ID], [TIMEKEEPING_ID], [CHECK_DATE], [SESSION], [EMPLOYEE_ID], [TIMEKEEPING_DETAIL_TYPE]) VALUES (341, 56, CAST(N'2021-06-29' AS Date), 2, 28, 0)
INSERT [dbo].[TIMEKEEPING_DETAIL] ([TIMEKEEPING_DETAIL_ID], [TIMEKEEPING_ID], [CHECK_DATE], [SESSION], [EMPLOYEE_ID], [TIMEKEEPING_DETAIL_TYPE]) VALUES (342, 56, CAST(N'2021-06-30' AS Date), 1, 28, 0)
INSERT [dbo].[TIMEKEEPING_DETAIL] ([TIMEKEEPING_DETAIL_ID], [TIMEKEEPING_ID], [CHECK_DATE], [SESSION], [EMPLOYEE_ID], [TIMEKEEPING_DETAIL_TYPE]) VALUES (343, 56, CAST(N'2021-06-30' AS Date), 2, 28, 0)
INSERT [dbo].[TIMEKEEPING_DETAIL] ([TIMEKEEPING_DETAIL_ID], [TIMEKEEPING_ID], [CHECK_DATE], [SESSION], [EMPLOYEE_ID], [TIMEKEEPING_DETAIL_TYPE]) VALUES (344, 57, CAST(N'2021-06-28' AS Date), 1, 29, 0)
INSERT [dbo].[TIMEKEEPING_DETAIL] ([TIMEKEEPING_DETAIL_ID], [TIMEKEEPING_ID], [CHECK_DATE], [SESSION], [EMPLOYEE_ID], [TIMEKEEPING_DETAIL_TYPE]) VALUES (345, 57, CAST(N'2021-06-28' AS Date), 2, 29, 0)
INSERT [dbo].[TIMEKEEPING_DETAIL] ([TIMEKEEPING_DETAIL_ID], [TIMEKEEPING_ID], [CHECK_DATE], [SESSION], [EMPLOYEE_ID], [TIMEKEEPING_DETAIL_TYPE]) VALUES (346, 57, CAST(N'2021-06-29' AS Date), 1, 29, 0)
INSERT [dbo].[TIMEKEEPING_DETAIL] ([TIMEKEEPING_DETAIL_ID], [TIMEKEEPING_ID], [CHECK_DATE], [SESSION], [EMPLOYEE_ID], [TIMEKEEPING_DETAIL_TYPE]) VALUES (347, 57, CAST(N'2021-06-29' AS Date), 2, 29, 0)
INSERT [dbo].[TIMEKEEPING_DETAIL] ([TIMEKEEPING_DETAIL_ID], [TIMEKEEPING_ID], [CHECK_DATE], [SESSION], [EMPLOYEE_ID], [TIMEKEEPING_DETAIL_TYPE]) VALUES (348, 57, CAST(N'2021-06-30' AS Date), 1, 29, 0)
INSERT [dbo].[TIMEKEEPING_DETAIL] ([TIMEKEEPING_DETAIL_ID], [TIMEKEEPING_ID], [CHECK_DATE], [SESSION], [EMPLOYEE_ID], [TIMEKEEPING_DETAIL_TYPE]) VALUES (349, 57, CAST(N'2021-06-30' AS Date), 2, 29, 0)
INSERT [dbo].[TIMEKEEPING_DETAIL] ([TIMEKEEPING_DETAIL_ID], [TIMEKEEPING_ID], [CHECK_DATE], [SESSION], [EMPLOYEE_ID], [TIMEKEEPING_DETAIL_TYPE]) VALUES (350, 58, CAST(N'2021-06-28' AS Date), 1, 30, 0)
INSERT [dbo].[TIMEKEEPING_DETAIL] ([TIMEKEEPING_DETAIL_ID], [TIMEKEEPING_ID], [CHECK_DATE], [SESSION], [EMPLOYEE_ID], [TIMEKEEPING_DETAIL_TYPE]) VALUES (351, 58, CAST(N'2021-06-28' AS Date), 2, 30, 0)
INSERT [dbo].[TIMEKEEPING_DETAIL] ([TIMEKEEPING_DETAIL_ID], [TIMEKEEPING_ID], [CHECK_DATE], [SESSION], [EMPLOYEE_ID], [TIMEKEEPING_DETAIL_TYPE]) VALUES (352, 58, CAST(N'2021-06-29' AS Date), 1, 30, 0)
INSERT [dbo].[TIMEKEEPING_DETAIL] ([TIMEKEEPING_DETAIL_ID], [TIMEKEEPING_ID], [CHECK_DATE], [SESSION], [EMPLOYEE_ID], [TIMEKEEPING_DETAIL_TYPE]) VALUES (353, 58, CAST(N'2021-06-29' AS Date), 2, 30, 0)
INSERT [dbo].[TIMEKEEPING_DETAIL] ([TIMEKEEPING_DETAIL_ID], [TIMEKEEPING_ID], [CHECK_DATE], [SESSION], [EMPLOYEE_ID], [TIMEKEEPING_DETAIL_TYPE]) VALUES (354, 58, CAST(N'2021-06-30' AS Date), 1, 30, 0)
INSERT [dbo].[TIMEKEEPING_DETAIL] ([TIMEKEEPING_DETAIL_ID], [TIMEKEEPING_ID], [CHECK_DATE], [SESSION], [EMPLOYEE_ID], [TIMEKEEPING_DETAIL_TYPE]) VALUES (355, 58, CAST(N'2021-06-30' AS Date), 2, 30, 0)
INSERT [dbo].[TIMEKEEPING_DETAIL] ([TIMEKEEPING_DETAIL_ID], [TIMEKEEPING_ID], [CHECK_DATE], [SESSION], [EMPLOYEE_ID], [TIMEKEEPING_DETAIL_TYPE]) VALUES (356, 59, CAST(N'2021-06-28' AS Date), 1, 31, 0)
INSERT [dbo].[TIMEKEEPING_DETAIL] ([TIMEKEEPING_DETAIL_ID], [TIMEKEEPING_ID], [CHECK_DATE], [SESSION], [EMPLOYEE_ID], [TIMEKEEPING_DETAIL_TYPE]) VALUES (357, 59, CAST(N'2021-06-28' AS Date), 2, 31, 0)
INSERT [dbo].[TIMEKEEPING_DETAIL] ([TIMEKEEPING_DETAIL_ID], [TIMEKEEPING_ID], [CHECK_DATE], [SESSION], [EMPLOYEE_ID], [TIMEKEEPING_DETAIL_TYPE]) VALUES (358, 59, CAST(N'2021-06-29' AS Date), 1, 31, 0)
INSERT [dbo].[TIMEKEEPING_DETAIL] ([TIMEKEEPING_DETAIL_ID], [TIMEKEEPING_ID], [CHECK_DATE], [SESSION], [EMPLOYEE_ID], [TIMEKEEPING_DETAIL_TYPE]) VALUES (359, 59, CAST(N'2021-06-29' AS Date), 2, 31, 0)
INSERT [dbo].[TIMEKEEPING_DETAIL] ([TIMEKEEPING_DETAIL_ID], [TIMEKEEPING_ID], [CHECK_DATE], [SESSION], [EMPLOYEE_ID], [TIMEKEEPING_DETAIL_TYPE]) VALUES (360, 59, CAST(N'2021-06-30' AS Date), 1, 31, 0)
INSERT [dbo].[TIMEKEEPING_DETAIL] ([TIMEKEEPING_DETAIL_ID], [TIMEKEEPING_ID], [CHECK_DATE], [SESSION], [EMPLOYEE_ID], [TIMEKEEPING_DETAIL_TYPE]) VALUES (361, 59, CAST(N'2021-06-30' AS Date), 2, 31, 0)
INSERT [dbo].[TIMEKEEPING_DETAIL] ([TIMEKEEPING_DETAIL_ID], [TIMEKEEPING_ID], [CHECK_DATE], [SESSION], [EMPLOYEE_ID], [TIMEKEEPING_DETAIL_TYPE]) VALUES (362, 60, CAST(N'2021-06-28' AS Date), 1, 32, 0)
INSERT [dbo].[TIMEKEEPING_DETAIL] ([TIMEKEEPING_DETAIL_ID], [TIMEKEEPING_ID], [CHECK_DATE], [SESSION], [EMPLOYEE_ID], [TIMEKEEPING_DETAIL_TYPE]) VALUES (363, 60, CAST(N'2021-06-28' AS Date), 2, 32, 0)
INSERT [dbo].[TIMEKEEPING_DETAIL] ([TIMEKEEPING_DETAIL_ID], [TIMEKEEPING_ID], [CHECK_DATE], [SESSION], [EMPLOYEE_ID], [TIMEKEEPING_DETAIL_TYPE]) VALUES (364, 60, CAST(N'2021-06-29' AS Date), 1, 32, 0)
GO
INSERT [dbo].[TIMEKEEPING_DETAIL] ([TIMEKEEPING_DETAIL_ID], [TIMEKEEPING_ID], [CHECK_DATE], [SESSION], [EMPLOYEE_ID], [TIMEKEEPING_DETAIL_TYPE]) VALUES (365, 60, CAST(N'2021-06-29' AS Date), 2, 32, 0)
INSERT [dbo].[TIMEKEEPING_DETAIL] ([TIMEKEEPING_DETAIL_ID], [TIMEKEEPING_ID], [CHECK_DATE], [SESSION], [EMPLOYEE_ID], [TIMEKEEPING_DETAIL_TYPE]) VALUES (366, 60, CAST(N'2021-06-30' AS Date), 1, 32, 0)
INSERT [dbo].[TIMEKEEPING_DETAIL] ([TIMEKEEPING_DETAIL_ID], [TIMEKEEPING_ID], [CHECK_DATE], [SESSION], [EMPLOYEE_ID], [TIMEKEEPING_DETAIL_TYPE]) VALUES (367, 60, CAST(N'2021-06-30' AS Date), 2, 32, 0)
SET IDENTITY_INSERT [dbo].[TIMEKEEPING_DETAIL] OFF
GO
SET IDENTITY_INSERT [dbo].[USER] ON 

INSERT [dbo].[USER] ([ID_USER], [EMPLOYEE_ID], [USERNAME], [PASSWORD]) VALUES (1, 1, N'DUCTAM', N'CDD96D3CC73D1DBDAFFA03CC6CD7339B')
INSERT [dbo].[USER] ([ID_USER], [EMPLOYEE_ID], [USERNAME], [PASSWORD]) VALUES (2, 2, N'MINHQUAN', N'CDD96D3CC73D1DBDAFFA03CC6CD7339B')
INSERT [dbo].[USER] ([ID_USER], [EMPLOYEE_ID], [USERNAME], [PASSWORD]) VALUES (3, 3, N'HOANGSON', N'CDD96D3CC73D1DBDAFFA03CC6CD7339B')
INSERT [dbo].[USER] ([ID_USER], [EMPLOYEE_ID], [USERNAME], [PASSWORD]) VALUES (4, 4, N'QUOCTRONG', N'CDD96D3CC73D1DBDAFFA03CC6CD7339B')
INSERT [dbo].[USER] ([ID_USER], [EMPLOYEE_ID], [USERNAME], [PASSWORD]) VALUES (6, 6, N'1', N'CDD96D3CC73D1DBDAFFA03CC6CD7339B')
INSERT [dbo].[USER] ([ID_USER], [EMPLOYEE_ID], [USERNAME], [PASSWORD]) VALUES (7, 7, N'HoangQuocTrong', N'87D9BB400C0634691F0E3BAAF1E2FD0D')
INSERT [dbo].[USER] ([ID_USER], [EMPLOYEE_ID], [USERNAME], [PASSWORD]) VALUES (8, 8, N'NGUYENVANAAA', N'6FD742A61BD034804C00C49B18045020')
INSERT [dbo].[USER] ([ID_USER], [EMPLOYEE_ID], [USERNAME], [PASSWORD]) VALUES (9, 9, N'NGUYENVANAA', N'6FD742A61BD034804C00C49B18045020')
INSERT [dbo].[USER] ([ID_USER], [EMPLOYEE_ID], [USERNAME], [PASSWORD]) VALUES (10, 10, N'NGUYENVANAB', N'6FD742A61BD034804C00C49B18045020')
INSERT [dbo].[USER] ([ID_USER], [EMPLOYEE_ID], [USERNAME], [PASSWORD]) VALUES (11, 11, N'NGUYENVANAC', N'6FD742A61BD034804C00C49B18045020')
INSERT [dbo].[USER] ([ID_USER], [EMPLOYEE_ID], [USERNAME], [PASSWORD]) VALUES (12, 12, N'NGUYENVANAAB', N'CCF5D885346FC01F0CA95698142CD103')
INSERT [dbo].[USER] ([ID_USER], [EMPLOYEE_ID], [USERNAME], [PASSWORD]) VALUES (13, 13, N'NGUYENVANAAC', N'6FD742A61BD034804C00C49B18045020')
INSERT [dbo].[USER] ([ID_USER], [EMPLOYEE_ID], [USERNAME], [PASSWORD]) VALUES (14, 14, N'NGUYENVANAAD', N'6FD742A61BD034804C00C49B18045020')
INSERT [dbo].[USER] ([ID_USER], [EMPLOYEE_ID], [USERNAME], [PASSWORD]) VALUES (15, 15, N'NGUYENVANAD', N'6FD742A61BD034804C00C49B18045020')
INSERT [dbo].[USER] ([ID_USER], [EMPLOYEE_ID], [USERNAME], [PASSWORD]) VALUES (16, 16, N'NGUYENVANABA', N'6FD742A61BD034804C00C49B18045020')
INSERT [dbo].[USER] ([ID_USER], [EMPLOYEE_ID], [USERNAME], [PASSWORD]) VALUES (17, 18, N'NGUYENVANABB', N'6FD742A61BD034804C00C49B18045020')
INSERT [dbo].[USER] ([ID_USER], [EMPLOYEE_ID], [USERNAME], [PASSWORD]) VALUES (18, 19, N'NGUYENVANABC', N'6FD742A61BD034804C00C49B18045020')
INSERT [dbo].[USER] ([ID_USER], [EMPLOYEE_ID], [USERNAME], [PASSWORD]) VALUES (19, 20, N'NGUYENVANABD', N'6FD742A61BD034804C00C49B18045020')
INSERT [dbo].[USER] ([ID_USER], [EMPLOYEE_ID], [USERNAME], [PASSWORD]) VALUES (20, 21, N'NGUYENVANBA', N'6FD742A61BD034804C00C49B18045020')
INSERT [dbo].[USER] ([ID_USER], [EMPLOYEE_ID], [USERNAME], [PASSWORD]) VALUES (21, 22, N'NGUYENVANBB', N'6FD742A61BD034804C00C49B18045020')
INSERT [dbo].[USER] ([ID_USER], [EMPLOYEE_ID], [USERNAME], [PASSWORD]) VALUES (22, 23, N'NGUYENVANBC', N'6FD742A61BD034804C00C49B18045020')
INSERT [dbo].[USER] ([ID_USER], [EMPLOYEE_ID], [USERNAME], [PASSWORD]) VALUES (23, 25, N'NGUYENVANBBA', N'6FD742A61BD034804C00C49B18045020')
INSERT [dbo].[USER] ([ID_USER], [EMPLOYEE_ID], [USERNAME], [PASSWORD]) VALUES (24, 26, N'NGUYENVANBBB', N'6FD742A61BD034804C00C49B18045020')
INSERT [dbo].[USER] ([ID_USER], [EMPLOYEE_ID], [USERNAME], [PASSWORD]) VALUES (25, 27, N'NGUYENVANBBC', N'6FD742A61BD034804C00C49B18045020')
INSERT [dbo].[USER] ([ID_USER], [EMPLOYEE_ID], [USERNAME], [PASSWORD]) VALUES (26, 28, N'NGUYEN VAN BBD', N'6FD742A61BD034804C00C49B18045020')
INSERT [dbo].[USER] ([ID_USER], [EMPLOYEE_ID], [USERNAME], [PASSWORD]) VALUES (27, 29, N'NGUYENVANA', N'6FD742A61BD034804C00C49B18045020')
INSERT [dbo].[USER] ([ID_USER], [EMPLOYEE_ID], [USERNAME], [PASSWORD]) VALUES (28, 30, N'NGUYENVANB', N'6FD742A61BD034804C00C49B18045020')
INSERT [dbo].[USER] ([ID_USER], [EMPLOYEE_ID], [USERNAME], [PASSWORD]) VALUES (29, 31, N'NGUYENVANC', N'6FD742A61BD034804C00C49B18045020')
INSERT [dbo].[USER] ([ID_USER], [EMPLOYEE_ID], [USERNAME], [PASSWORD]) VALUES (30, 32, N'NGUYENVAND', N'6FD742A61BD034804C00C49B18045020')
SET IDENTITY_INSERT [dbo].[USER] OFF
GO
/****** Object:  Index [UQ__EMPLOYEE__7A1680B46DC5D16F]    Script Date: 6/27/2021 12:20:06 AM ******/
ALTER TABLE [dbo].[EMPLOYEE] ADD UNIQUE NONCLUSTERED 
(
	[ID_CARD] ASC
)WITH (PAD_INDEX = OFF, STATISTICS_NORECOMPUTE = OFF, SORT_IN_TEMPDB = OFF, IGNORE_DUP_KEY = OFF, ONLINE = OFF, ALLOW_ROW_LOCKS = ON, ALLOW_PAGE_LOCKS = ON, OPTIMIZE_FOR_SEQUENTIAL_KEY = OFF) ON [PRIMARY]
GO
ALTER TABLE [dbo].[DELETE]  WITH CHECK ADD FOREIGN KEY([EMPLOYEE_ID])
REFERENCES [dbo].[EMPLOYEE] ([EMPLOYEE_ID])
GO
ALTER TABLE [dbo].[DEPARTMENT]  WITH CHECK ADD FOREIGN KEY([ROOM_ID])
REFERENCES [dbo].[ROOM] ([ROOM_ID])
GO
ALTER TABLE [dbo].[EMPLOYEE]  WITH CHECK ADD FOREIGN KEY([DEPT_ID])
REFERENCES [dbo].[DEPARTMENT] ([DEPT_ID])
GO
ALTER TABLE [dbo].[EMPLOYEE]  WITH CHECK ADD FOREIGN KEY([ROLE_ID])
REFERENCES [dbo].[ROLE] ([ROLE_ID])
GO
ALTER TABLE [dbo].[RECORD]  WITH CHECK ADD FOREIGN KEY([DEPT_ID])
REFERENCES [dbo].[DEPARTMENT] ([DEPT_ID])
GO
ALTER TABLE [dbo].[RECORD]  WITH CHECK ADD FOREIGN KEY([EMPLOYEE_ID])
REFERENCES [dbo].[EMPLOYEE] ([EMPLOYEE_ID])
GO
ALTER TABLE [dbo].[ROLE]  WITH CHECK ADD FOREIGN KEY([DEPT_ID])
REFERENCES [dbo].[DEPARTMENT] ([DEPT_ID])
GO
ALTER TABLE [dbo].[SALARY]  WITH CHECK ADD  CONSTRAINT [FK__SALARY__EMPLOYEE__49C3F6B7] FOREIGN KEY([EMPLOYEE_ID])
REFERENCES [dbo].[EMPLOYEE] ([EMPLOYEE_ID])
GO
ALTER TABLE [dbo].[SALARY] CHECK CONSTRAINT [FK__SALARY__EMPLOYEE__49C3F6B7]
GO
ALTER TABLE [dbo].[TIMEKEEPING]  WITH CHECK ADD FOREIGN KEY([EMPLOYEE_ID])
REFERENCES [dbo].[EMPLOYEE] ([EMPLOYEE_ID])
GO
ALTER TABLE [dbo].[TIMEKEEPING_DETAIL]  WITH CHECK ADD FOREIGN KEY([EMPLOYEE_ID])
REFERENCES [dbo].[EMPLOYEE] ([EMPLOYEE_ID])
GO
ALTER TABLE [dbo].[TIMEKEEPING_DETAIL]  WITH CHECK ADD FOREIGN KEY([TIMEKEEPING_ID])
REFERENCES [dbo].[TIMEKEEPING] ([TIMEKEEPING_ID])
GO
ALTER TABLE [dbo].[USER]  WITH CHECK ADD FOREIGN KEY([EMPLOYEE_ID])
REFERENCES [dbo].[EMPLOYEE] ([EMPLOYEE_ID])
GO
USE [master]
GO
ALTER DATABASE [hrms] SET  READ_WRITE 
GO
